Gait_Cycle(%),Elbow_Reference_Mean,Elbow_Reference_Std,Elbow_Patient_Mean,Elbow_Patient_Std,Hip_Reference_Mean,Hip_Reference_Std,Hip_Patient_Mean,Hip_Patient_Std,Knee_Reference_Mean,Knee_Reference_Std,Knee_Patient_Mean,Knee_Patient_Std
0.0,60.0,2.0,60.0,1.0,30.0,3.0,30.0,2.0,35.0,3.5,35.0,2.5
1.0,61.129238129550345,2.0,60.313704792152244,1.0,32.32126677863002,3.0,31.50573344123191,2.0,37.823095323875876,3.5,36.693857194325524,2.5
2.0,62.24809188430246,2.0,60.62468958785777,1.0,34.62151700216923,3.0,32.99811470572453,2.0,40.620229710756156,3.5,38.372137826453695,2.5
3.0,63.34631135659596,2.0,60.93026849644185,1.0,36.880004027777645,3.0,34.46396116762354,2.0,43.3657783914899,3.5,40.019467034893935,2.5
4.0,64.4139135680554,2.0,61.227823335596284,1.0,39.07651702327567,3.0,35.89042679081654,2.0,46.03478392013852,3.5,41.62087035208312,2.5
5.0,65.44131095291937,2.0,61.51483623541731,1.0,41.19163890021368,3.0,37.26516418271163,2.0,48.603277382298415,3.5,43.16196642937905,2.5
6.0,66.41943395056154,2.0,61.78892076398272,1.0,43.20699245380774,3.0,38.57647926722893,2.0,51.04858487640384,3.5,44.6291509258423,2.5
7.0,67.33984588675388,2.0,62.04785111747101,1.0,45.10547106507284,3.0,39.81347629578996,2.0,53.3496147168847,3.5,46.009768830130824,2.5
8.0,68.19484844302521,2.0,62.28958894780716,1.0,46.87145056015215,3.0,40.966191064934094,2.0,55.487121107563034,3.5,47.29227266453782,2.5
9.0,68.97757615965403,2.0,62.51230743740301,1.0,48.490979114287086,3.0,42.02571039203605,2.0,57.443940399135116,3.5,48.46636423948107,2.5
10.0,69.68207858810534,2.0,62.71441227317257,1.0,49.951942428503166,3.0,42.98427611357039,2.0,59.20519647026337,3.5,49.52311788215802,2.5
11.0,70.30338890040166,2.0,62.89455921997476,1.0,51.24420179055199,3.0,43.8353721101251,2.0,60.75847225100413,3.5,50.45508335060248,2.5
12.0,70.83757797299998,2.0,63.05166804621434,1.0,52.35970305192863,3.0,44.573793125143,2.0,62.09394493249994,3.5,51.25636695949996,2.5
13.0,71.2817931879272,2.0,63.184932610692506,1.0,53.292555003275815,3.0,45.19569442604112,2.0,63.204482969818,3.5,51.9226897818908,2.5
14.0,71.63428143067264,2.0,63.29382697905606,1.0,54.03907610412109,3.0,45.69862165250449,2.0,64.08570357668162,3.5,52.45142214600897,2.5
15.0,71.89439600893009,2.0,63.37810749942,1.0,54.597809012235125,3.0,46.08152050272503,2.0,64.73599002232521,3.5,52.84159401339513,2.5
16.0,72.06258746488422,2.0,63.43781082897206,1.0,54.96950285527047,3.0,46.34472621935831,2.0,65.15646866221057,3.5,53.09388119732635,2.5
17.0,72.1403785024467,2.0,63.473247965633604,1.0,55.15706368493726,3.0,46.489933148124166,2.0,65.35094625611674,3.5,53.21056775367005,2.5
18.0,72.13032349576335,2.0,63.48499440017385,1.0,55.165474043992724,3.0,46.520144948403214,2.0,65.32580873940837,3.5,53.19548524364503,2.5
19.0,72.03595328259728,2.0,63.47387656359344,1.0,55.00168305108279,3.0,46.43960633207897,2.0,65.08988320649317,3.5,53.05392992389591,2.5
20.0,71.86170617212143,2.0,63.44095480117793,1.0,54.67446886053801,3.0,46.253717489594514,2.0,64.65426543030357,3.5,52.792559258182145,2.5
21.0,71.61284630769318,2.0,63.38750315748761,1.0,54.19427577651498,3.0,45.96893262630941,2.0,64.03211576923293,3.5,52.419269461539756,2.5
22.0,71.2953707180256,2.0,63.31498630487074,1.0,53.57302868677989,3.0,45.592644273625034,2.0,63.238426795063994,3.5,51.9430560770384,2.5
23.0,70.91590656180419,2.0,63.22503399110829,1.0,52.82392782492287,3.0,45.13305525422696,2.0,62.2897664045105,3.5,51.373859842706295,2.5
24.0,70.48160021853994,2.0,63.11941341884912,1.0,51.96122716550814,3.0,44.59904036581733,2.0,61.20400054634983,3.5,50.7224003278099,2.5
25.0,70.0,2.0,63.0,1.0,51.0,3.0,44.0,2.0,60.0,3.5,50.0,2.5
26.0,69.4789343500255,2.0,62.86874695172051,1.0,49.95589542847927,3.0,43.345708030174286,2.0,58.69733587506374,3.5,49.21840152503825,2.5
27.0,68.92638746448536,2.0,62.727654216778575,1.0,48.8448896302852,3.0,42.64615638257842,2.0,57.3159686612134,3.5,48.389581196728045,2.5
28.0,68.35037429654818,2.0,62.57873719950139,1.0,47.68303584382504,3.0,41.911398746778254,2.0,55.87593574137044,3.5,47.525561444822266,2.5
29.0,67.75881691487946,2.0,62.42399580928417,1.0,46.486216990887534,3.0,41.15139588529226,2.0,54.39704228719863,3.5,46.63822537231917,2.5
30.0,67.15942415378164,2.0,62.26538429659299,1.0,45.26990482385845,3.0,40.37586496666979,2.0,52.898560384454115,3.5,45.73913623067247,2.5
31.0,66.55957643516776,2.0,62.10478235173607,1.0,44.04892935622377,3.0,39.59413527279208,2.0,51.398941087919404,3.5,44.83936465275164,2.5
32.0,65.96621755355704,2.0,61.94396791462226,1.0,42.8372621595801,3.0,38.815012520645325,2.0,49.91554388389259,3.5,43.94932633033555,2.5
33.0,65.38575509843058,2.0,61.784592114629575,1.0,41.64781687690501,3.0,38.04665389310401,2.0,48.46438774607643,3.5,43.078632647645854,2.5
34.0,64.82397104515607,2.0,61.628156724040025,1.0,40.49227001581416,3.0,37.29645569469811,2.0,47.05992761289018,3.5,42.23595656773411,2.5
35.0,64.28594387856886,2.0,61.47599446682969,1.0,39.38090475151267,3.0,36.5709553397735,2.0,45.71485969642215,3.5,41.428915817853294,2.5
36.0,63.77598342484313,2.0,61.32925247759868,1.0,38.322480092462065,3.0,35.875749145217604,2.0,44.43995856210785,3.5,40.66397513726471,2.5
37.0,63.29757936050103,2.0,61.18887915383596,1.0,37.32412734842347,3.0,35.2154271417584,2.0,43.24394840125257,3.5,39.94636904075154,2.5
38.0,62.853364145573806,2.0,61.055614589357795,1.0,36.39127539707629,3.0,34.59352584086028,2.0,42.1334103639345,3.5,39.2800462183607,2.5
39.0,62.44509089457215,2.0,60.92998471851738,1.0,35.527605778892976,3.0,34.01249960283821,2.0,41.11272723643036,3.5,38.66763634185821,2.5
40.0,62.07362645774411,2.0,60.81229924058226,1.0,34.73503816778071,3.0,33.47371095061886,2.0,40.184066144360294,3.5,38.110439686616175,2.5
41.0,61.738959739925896,2.0,60.70265333247097,1.0,34.01374627483078,3.0,32.97743986737586,2.0,39.34739934981473,3.5,37.60843960988884,2.5
42.0,61.44022503900909,2.0,60.60093309680313,1.0,33.362203752119896,3.0,32.52291180991394,2.0,38.60056259752273,3.5,37.16033755851363,2.5
43.0,61.175739944547566,2.0,60.50682463191943,1.0,32.77725918066021,3.0,32.10834386803208,2.0,37.939349861368925,3.5,36.76360991682136,2.5
44.0,60.94305710313203,2.0,60.41982655212535,1.0,32.25423875894873,3.0,31.731008207942047,2.0,37.357642757830064,3.5,36.41458565469804,2.5
45.0,60.73902893457958,2.0,60.339265730832366,1.0,31.78707486353411,3.0,31.3873116597869,2.0,36.847572336448955,3.5,36.108543401869376,2.5
46.0,60.559884175241685,2.0,60.26431598739285,1.0,31.368458237648234,3.0,31.07289004979939,2.0,36.39971043810422,3.5,35.83982626286253,2.5
47.0,60.401314935118535,2.0,60.194019391072494,1.0,30.990011184822794,3.0,30.78271564077675,2.0,36.00328733779634,3.5,35.6019724026778,2.5
48.0,60.25857278698362,2.0,60.12730981352806,1.0,30.64247880753155,3.0,30.511215834075987,2.0,35.64643196745906,3.5,35.38785918047544,2.5
49.0,60.12657226103592,2.0,60.06303832502363,1.0,30.315935041601147,3.0,30.252401105588866,2.0,35.316430652589794,3.5,35.18985839155387,2.5
50.0,60.0,2.0,60.0,1.0,30.0,3.0,30.0,2.0,35.0,3.5,35.0,2.5
51.0,59.87342773896408,2.0,59.93696167497637,1.0,29.684064958398853,3.0,29.747598894411137,2.0,34.68356934741021,3.5,34.81014160844612,2.5
52.0,59.74142721301637,2.0,59.87269018647194,1.0,29.35752119246845,3.0,29.488784165924013,2.0,34.35356803254094,3.5,34.61214081952457,2.5
53.0,59.598685064881465,2.0,59.805980608927506,1.0,29.009988815177206,3.0,29.217284359223243,2.0,33.99671266220366,3.5,34.3980275973222,2.5
54.0,59.44011582475831,2.0,59.73568401260715,1.0,28.631541762351773,3.0,28.92710995020061,2.0,33.600289561895785,3.5,34.16017373713747,2.5
55.0,59.26097106542042,2.0,59.66073426916763,1.0,28.21292513646589,3.0,28.6126883402131,2.0,33.152427663551045,3.5,33.89145659813063,2.5
56.0,59.05694289686797,2.0,59.58017344787465,1.0,27.745761241051273,3.0,28.268991792057953,2.0,32.642357242169936,3.5,33.58541434530196,2.5
57.0,58.82426005545243,2.0,59.49317536808057,1.0,27.22274081933979,3.0,27.891656131967935,2.0,32.06065013863108,3.5,33.23639008317865,2.5
58.0,58.55977496099091,2.0,59.39906690319687,1.0,26.6377962478801,3.0,27.47708819008606,2.0,31.399437402477268,3.5,32.83966244148636,2.5
59.0,58.26104026007412,2.0,59.29734666752903,1.0,25.986253725169227,3.0,27.02256013262415,2.0,30.65260065018528,3.5,32.39156039011117,2.5
60.0,57.92637354225589,2.0,59.18770075941774,1.0,25.2649618322193,3.0,26.52628904938115,2.0,29.815933855639717,3.5,31.88956031338383,2.5
61.0,57.55490910542786,2.0,59.07001528148262,1.0,24.47239422110703,3.0,25.98750039716179,2.0,28.887272763569648,3.5,31.332363658141787,2.5
62.0,57.1466358544262,2.0,58.944385410642205,1.0,23.608724602923715,3.0,25.40647415913972,2.0,27.866589636065505,3.5,30.719953781639305,2.5
63.0,56.70242063949897,2.0,58.81112084616404,1.0,22.675872651576526,3.0,24.784572858241596,2.0,26.756051598747426,3.5,30.05363095924845,2.5
64.0,56.22401657515686,2.0,58.67074752240132,1.0,21.677519907537935,3.0,24.124250854782392,2.0,25.560041437892153,3.5,29.336024862735293,2.5
65.0,55.71405612143114,2.0,58.52400553317031,1.0,20.619095248487334,3.0,23.429044660226506,2.0,24.285140303577855,3.5,28.571084182146713,2.5
66.0,55.17602895484393,2.0,58.371843275959975,1.0,19.507729984185833,3.0,22.703544305301882,2.0,22.94007238710981,3.5,27.764043432265886,2.5
67.0,54.61424490156942,2.0,58.215407885370425,1.0,18.35218312309499,3.0,21.953346106895985,2.0,21.53561225392356,3.5,26.921367352354135,2.5
68.0,54.033782446442956,2.0,58.05603208537773,1.0,17.162737840419894,3.0,21.184987479354668,2.0,20.08445611610739,3.5,26.050673669664437,2.5
69.0,53.44042356483224,2.0,57.89521764826393,1.0,15.951070643776227,3.0,20.405864727207923,2.0,18.601058912080596,3.5,25.160635347248355,2.5
70.0,52.84057584621836,2.0,57.734615703407016,1.0,14.730095176141564,3.0,19.624135033330216,2.0,17.101439615545896,3.5,24.260863769327536,2.5
71.0,52.24118308512055,2.0,57.57600419071582,1.0,13.513783009112462,3.0,18.84860411470774,2.0,15.602957712801366,3.5,23.361774627680816,2.5
72.0,51.649625703451825,2.0,57.42126280049861,1.0,12.316964156174961,3.0,18.088601253221746,2.0,14.124064258629563,3.5,22.474438555177734,2.5
73.0,51.07361253551465,2.0,57.272345783221425,1.0,11.155110369714812,3.0,17.35384361742159,2.0,12.684031338786609,3.5,21.610418803271966,2.5
74.0,50.521065649974496,2.0,57.13125304827949,1.0,10.044104571520727,3.0,16.654291969825717,2.0,11.302664124936252,3.5,20.78159847496175,2.5
75.0,50.0,2.0,57.0,1.0,9.000000000000004,3.0,16.000000000000004,2.0,10.000000000000004,3.5,20.000000000000004,2.5
76.0,49.51839978146007,2.0,56.88058658115088,1.0,8.038772834491871,3.0,15.400959634182684,2.0,8.79599945365018,3.5,19.277599672190107,2.5
77.0,49.08409343819581,2.0,56.77496600889171,1.0,7.176072175077127,3.0,14.866944745773033,2.0,7.710233595489507,3.5,18.6261401572937,2.5
78.0,48.704629281974405,2.0,56.68501369512926,1.0,6.42697131322012,3.0,14.40735572637497,2.0,6.76157320493601,3.5,18.056943922961604,2.5
79.0,48.387153692306825,2.0,56.61249684251239,1.0,5.805724223485023,3.0,14.031067373690586,2.0,5.967884230767067,3.5,17.58073053846024,2.5
80.0,48.13829382787857,2.0,56.55904519882207,1.0,5.325531139461991,3.0,13.746282510405486,2.0,5.345734569696431,3.5,17.20744074181786,2.5
81.0,47.96404671740273,2.0,56.52612343640656,1.0,4.998316948917214,3.0,13.56039366792104,2.0,4.910116793506831,3.5,16.9460700761041,2.5
82.0,47.86967650423665,2.0,56.515005599826154,1.0,4.834525956007277,3.0,13.479855051596783,2.0,4.674191260591621,3.5,16.804514756354973,2.5
83.0,47.8596214975533,2.0,56.526752034366396,1.0,4.842936315062745,3.0,13.510066851875834,2.0,4.649053743883259,3.5,16.789432246329955,2.5
84.0,47.93741253511577,2.0,56.56218917102794,1.0,5.030497144729529,3.0,13.655273780641693,2.0,4.843531337789429,3.5,16.90611880267366,2.5
85.0,48.10560399106991,2.0,56.62189250058,1.0,5.4021909877648735,3.0,13.918479497274966,2.0,5.264009977674776,3.5,17.15840598660487,2.5
86.0,48.36571856932735,2.0,56.70617302094394,1.0,5.960923895878909,3.0,14.301378347495502,2.0,5.914296423318376,3.5,17.548577853991027,2.5
87.0,48.71820681207279,2.0,56.815067389307494,1.0,6.707444996724171,3.0,14.804305573958873,2.0,6.79551703018198,3.5,18.07731021810919,2.5
88.0,49.16242202700002,2.0,56.94833195378566,1.0,7.640296948071359,3.0,15.426206874856994,2.0,7.906055067500061,3.5,18.743633040500036,2.5
89.0,49.69661109959835,2.0,57.10544078002524,1.0,8.755798209448011,3.0,16.1646278898749,2.0,9.241527748995873,3.5,19.54491664939752,2.5
90.0,50.31792141189465,2.0,57.28558772682743,1.0,10.04805757149683,3.0,17.015723886429605,2.0,10.794803529736628,3.5,20.476882117841978,2.5
91.0,51.02242384034595,2.0,57.48769256259699,1.0,11.5090208857129,3.0,17.97428960796394,2.0,12.556059600864874,3.5,21.533635760518923,2.5
92.0,51.80515155697477,2.0,57.71041105219284,1.0,13.12854943984783,3.0,19.033808935065895,2.0,14.512878892436936,3.5,22.707727335462163,2.5
93.0,52.66015411324611,2.0,57.95214888252899,1.0,14.89452893492715,3.0,20.18652370421003,2.0,16.650385283115277,3.5,23.99023116986917,2.5
94.0,53.58056604943847,2.0,58.21107923601728,1.0,16.793007546192257,3.0,21.423520732771067,2.0,18.95141512359617,3.5,25.370849074157697,2.5
95.0,54.55868904708063,2.0,58.48516376458268,1.0,18.80836109978631,3.0,22.734835817288367,2.0,21.396722617701574,3.5,26.838033570620944,2.5
96.0,55.58608643194458,2.0,58.772176664403716,1.0,20.92348297672431,3.0,24.10957320918344,2.0,23.965216079861456,3.5,28.379129647916873,2.5
97.0,56.65368864340404,2.0,59.06973150355815,1.0,23.11999597222236,3.0,25.536038832376462,2.0,26.634221608510103,3.5,29.980532965106065,2.5
98.0,57.75190811569753,2.0,59.37531041214223,1.0,25.37848299783076,3.0,27.001885294275457,2.0,29.37977028924383,3.5,31.627862173546298,2.5
99.0,58.870761870449655,2.0,59.686295207847756,1.0,27.678733221369992,3.0,28.494266558768096,2.0,32.17690467612413,3.5,33.306142805674476,2.5
100.0,60.0,2.0,60.0,1.0,29.999999999999993,3.0,29.999999999999993,2.0,34.999999999999986,3.5,34.99999999999999,2.5
