timestamp,frame_time,index,right_ankle_x,right_ankle_y,right_knee_x,right_knee_y,right_hip_x,right_hip_y,magnitude1,magnitude2,angle_deg,angular_velocity,linear_acceleration
1720890624.275381,44.57786666666668,0,0.5005475,0.69923747,0.501553,0.43766043,0.50067914,0.14235061,0.2615789724043675,0.5568868673386766,0.2059265836075538,-2.2589916409937865,-364.3710367837798
1720890624.35067,44.61123333333334,0,0.49984884,0.70351136,0.50117886,0.44999123,0.500516,0.15139538,0.2535236198593895,0.5521163798918446,0.231362237020736,0.3378401851054484,338.3617326769845
1720890624.424884,44.6446,0,0.5009367,0.70532125,0.5023936,0.45385298,0.50119096,0.15246463,0.2514724914051555,0.5528566825999727,0.3056362728656324,1.0008092035376714,87.63478158851007
1720890624.5019588,44.67796666666667,0,0.5021512,0.70417106,0.50270426,0.4479936,0.50044405,0.15372854,0.2561780522099625,0.5504451640451701,0.3004584454191714,-0.0671792819426221,-135.93251805578728
1720890624.576709,44.711333333333336,0,0.5013147,0.7006741,0.5017301,0.4446682,0.4997334,0.15340635,0.2560062500121643,0.5472700791761488,0.2587947677966447,-0.5573722341340387,-64.33151784404593
1720890624.651957,44.7447,0,0.5015014,0.70049626,0.5017875,0.44147927,0.4987976,0.14931346,0.2590171486715222,0.5511894380613686,0.3441730310353424,1.1346249711359264,220.58382841573817
1720890624.725418,44.77806666666667,0,0.50193226,0.6997878,0.50111234,0.44218004,0.49848288,0.14656569,0.2576090628769261,0.5532328732732752,0.1753579378940689,-2.2980216034857306,-458.3961195584159
1720890624.801125,44.81143333333333,0,0.50053614,0.6983174,0.50026363,0.44274232,0.49793595,0.14718999,0.2555752359328247,0.5511335675362394,0.2080055830803447,0.4312370450005281,353.6534524220496
1720890624.876875,44.844800000000006,0,0.5006119,0.69698894,0.50089705,0.4432106,0.497891,0.1476895,0.253778498630599,0.5493061577010728,0.3484799224372139,1.8544498059973744,184.3134044577397
1720890624.952582,44.87816666666667,0,0.50231373,0.6974522,0.5027952,0.4441391,0.4983616,0.14483151,0.2533135519710503,0.552634781324117,0.5185683198899388,2.246667944591053,50.82306834243702
1720890625.0268002,44.91153333333334,0,0.50223637,0.6970924,0.50198585,0.441268,0.49809203,0.14400151,0.2558245395369506,0.5531064566536944,0.3725805624395185,-1.9670055800154436,-556.9536384347613
1720890625.10176,44.9449,0,0.50175333,0.6962387,0.5012215,0.4398176,0.49706227,0.14242138,0.2564216407387488,0.5538371990728206,0.3664380202487297,-0.0819445340421701,246.6983633397749
1720890625.177311,44.97826666666667,0,0.5029522,0.6933644,0.500785,0.44179755,0.49711052,0.1448821,0.2515761623446915,0.5485134069808616,0.1148961277097999,-3.329430220659935,-421.6730508142566
1720890625.254715,45.011633333333336,1,0.5021521,0.7015192,0.50003207,0.45125237,0.4961081,0.14129984,0.2502757994004347,0.560251949454833,0.1332334604137729,0.236904132095525,451.9886563845654
1720890625.329539,45.045,1,0.49717084,0.6912432,0.5037931,0.443067,0.49707335,0.1389788,0.2482644956348227,0.5522644009796264,1.5385565087751574,18.781691280559365,2431.360679737678
1720890625.405612,45.07836666666667,0,0.50012,0.6893794,0.49727207,0.44345602,0.49437165,0.13955694,0.2459398596477683,0.5498524979412605,0.0603994549459704,-19.43078870197094,-4927.697963960426
1720890625.4811049,45.11173333333333,0,0.49679375,0.69516534,0.5028272,0.44613826,0.49806485,0.1395715,0.2491001528718867,0.5555953022493936,1.2567738419691832,15.847517297211372,4584.277068792574
1720890625.555825,45.1451,0,0.49840322,0.6960395,0.5033324,0.44202924,0.50567186,0.1321761,0.2540580815655914,0.5639102438912615,0.373675184502056,-11.818749362343215,-3632.301283343181
1720890625.637109,45.17846666666667,1,0.49538916,0.69342685,0.5017724,0.43907386,0.50605494,0.13769302,0.2544330710741628,0.5558361405413473,0.3381954007497708,-0.436491358669946,1373.700698637136
1720890625.711775,45.21183333333334,1,0.4941116,0.69271564,0.50118935,0.44147936,0.50563484,0.13712963,0.2513359661436305,0.5557054677165679,0.4255559477987281,1.170017408739063,211.0712519747704
1720890625.788696,45.2452,0,0.49263105,0.68481565,0.49960822,0.43209916,0.5056848,0.13377823,0.252812778606275,0.5511920267579179,0.2248463930921204,-2.609295131091788,-481.9888285250753
1720890625.862842,45.27856666666667,1,0.4973464,0.68429244,0.49645108,0.43660155,0.5034915,0.13699651,0.2476925044004402,0.5473304260706143,0.8502778503364209,8.435130479163702,1461.2489950839702
1720890625.937626,45.311933333333336,1,0.49164063,0.68602437,0.50069845,0.43031323,0.5026023,0.1316604,0.255871511358002,0.5544723298744046,0.8959489942789756,0.6107070929451706,-1026.390028619085
1720890626.016025,45.3453,1,0.49268955,0.68468016,0.50205714,0.43081707,0.50090903,0.13046902,0.2540358700720719,0.5542720877007744,1.2636545631950948,4.690185289397087,510.46199862732703
1720890626.089958,45.37866666666667,1,0.49438724,0.6810199,0.50124145,0.42928904,0.5023283,0.13259886,0.2518241562241179,0.548478514656892,0.7301535603819078,-7.216017536781592,-1579.8091464934566
1720890626.164531,45.41203333333333,1,0.4933381,0.6793691,0.5017136,0.4286304,0.50200367,0.13519476,0.2508785249051159,0.5442433054081419,1.0006354994437532,3.627074060958925,1426.3965712226034
1720890626.236607,45.4454,1,0.49598917,0.67432386,0.50240934,0.41999814,0.49878296,0.12778573,0.2544067396902062,0.5465452551343395,1.1530074914004786,2.1140437610261733,-205.9327696954336
1720890626.3124962,45.47876666666667,1,0.49700364,0.6758562,0.50144374,0.41928264,0.49261147,0.1305668,0.2566119439462405,0.5453070859246613,1.452996061074792,3.95298571086343,237.71553512157547
1720890626.388583,45.51213333333334,1,0.49594492,0.6713853,0.50044405,0.41444832,0.48892766,0.12952818,0.2569763557997856,0.5419025595229319,1.7451647248099753,3.839940948949285,-14.57506037430123
1720890626.465077,45.5455,1,0.49395746,0.674344,0.4978048,0.4157691,0.48221618,0.12372822,0.2586035236064383,0.5507409582735379,2.0739376951476647,4.2980241946248805,58.74706386275992
1720890626.5409532,45.57886666666667,1,0.5007037,0.66004825,0.49411735,0.399352,0.48273245,0.12193851,0.2607794191649924,0.5384097289493328,0.4655144569338694,-21.19798403048275,-3296.365950649569
1720890626.6169448,45.612233333333336,1,0.5020059,0.65578014,0.49694315,0.39838943,0.4792779,0.12262364,0.2574404934203966,0.5336407303158829,1.3141446351544244,11.167416359296167,4178.151929471742
1720890626.691836,45.6456,1,0.5010129,0.65392333,0.49791938,0.40092176,0.48146653,0.120896295,0.2530204829086844,0.5333853208017934,1.3994850565782508,1.1395270248559166,-1313.5553756066895
1720890626.769056,45.67896666666667,1,0.49845657,0.65551114,0.4972171,0.40182728,0.48143324,0.121184155,0.2536868930477063,0.5345980780728298,1.54492369225112,1.8834273009162448,94.50456703196508
1720890626.843082,45.71233333333333,1,0.49771243,0.65954596,0.49793229,0.4034675,0.48235887,0.1194351,0.2560785462468084,0.5403290078393226,1.677565546380979,1.7918310890449018,-12.138443575348454
1720890626.918074,45.7457,1,0.49603885,0.6699335,0.49754018,0.40869004,0.48056626,0.12200943,0.2612477764475732,0.5481424601282001,1.9468777695595056,3.5912040914560492,235.38253167344345
1720890627.0074198,45.77906666666667,1,0.49482065,0.67712224,0.49563223,0.4087703,0.4839514,0.116072126,0.2683531695240109,0.5611553926645354,1.283134906150974,-7.428929551628334,-1209.991289976028
1720890627.08452,45.81243333333334,1,0.49157628,0.68114716,0.4907743,0.41174227,0.4807136,0.118881926,0.2694060818420523,0.5623701382272995,0.936187336285512,-4.499966232020394,372.6733567682224
1720890627.161656,45.8458,1,0.48893037,0.68909276,0.48923403,0.41806483,0.4802507,0.11901828,0.2710280927361301,0.5701405712614338,0.9366384748378992,0.0058485911323772,573.0383222244652
1720890627.2373571,45.87916666666667,1,0.48313984,0.6751245,0.4875807,0.40719095,0.47641557,0.11635547,0.2679703769827156,0.5588095059668946,1.6389659404272094,9.27765130319422,1201.5215999838122
1720890627.312459,45.912533333333336,1,0.483864,0.6793038,0.48929653,0.41065726,0.47972995,0.117927104,0.2687014900668018,0.5613919125615086,1.5803038791376625,-0.781100058142832,-1313.900359032828
1720890627.38868,45.9459,1,0.4872845,0.6806988,0.4850905,0.41512245,0.47748312,0.11955528,0.2655854252183956,0.5612291104605266,0.5274613265393339,-13.813026612114646,-1677.2702741134528
1720890627.464434,45.97926666666667,1,0.48457393,0.6780209,0.4844675,0.4138002,0.47770452,0.12166437,0.2642207061997756,0.5563989563612314,0.6843402470134876,2.0709014860195603,2056.9406806842208
1720890627.5410812,46.01263333333333,1,0.47873616,0.68308365,0.48254585,0.41576082,0.47579154,0.12010271,0.2673499833957783,0.562988650599824,1.1163139034070455,5.635864013867418,456.27557359929136
1720890627.6161332,46.046,1,0.4786651,0.68390214,0.48497635,0.41336378,0.4790167,0.12020081,0.270611965532795,0.5637014412542489,1.3006029236000598,2.455483716343989,-415.70539339303406
1720890627.6921148,46.07936666666667,1,0.47739333,0.6859707,0.4855048,0.41273567,0.4785571,0.12270184,0.2733554282417218,0.5632701021711332,1.5819111473903418,3.702319521404734,160.97919121478006
1720890627.767105,46.11273333333334,0,0.47748393,0.6851744,0.4783721,0.4094382,0.475326,0.11955291,0.2757376431587586,0.5656256116304852,0.4032226412525241,-15.717885353629752,-2540.4922987613754
1720890627.843898,46.1461,0,0.47704792,0.6841395,0.4780054,0.40340412,0.47245383,0.11111482,0.2807370063203577,0.5730431058513648,0.6546192429775927,3.2736935363446635,2426.099997632643
1720890627.918726,46.17946666666667,0,0.47537917,0.68274844,0.4688654,0.4116405,0.46432418,0.11909307,0.2711861821694542,0.5637637769903131,0.253057505145233,-5.366470086879498,-1132.7325024128731
1720890627.997872,46.212833333333336,0,0.4758441,0.68283945,0.46643513,0.41758767,0.46313873,0.12539552,0.265418609134856,0.5575886893067296,0.7258796893407781,5.974039210575008,1405.6325006609763
1720890628.070663,46.2462,0,0.47591266,0.6832031,0.4679389,0.42007807,0.4591865,0.12560242,0.2632458231720541,0.5578514852854564,0.0234496933238531,-9.6499750808654,-2105.643178555074
1720890628.144223,46.27956666666667,0,0.47428432,0.68518287,0.46578604,0.41798127,0.4548551,0.11216808,0.2673367111727733,0.5733440941195361,0.1189612814636892,1.298417466466366,1460.0833560235626
1720890628.2175748,46.31293333333333,0,0.47358018,0.68292624,0.4616967,0.42074022,0.4475457,0.10815326,0.2624551889428564,0.5753622706529801,0.0,-1.62178956864161,-390.54539307242
1720890628.2917492,46.3463,0,0.4774705,0.68772864,0.46615583,0.42999637,0.45114094,0.12270139,0.2579805140792353,0.5656403659007544,0.1548846699469228,2.0881147847933472,490.6566102829961
1720890628.383151,46.37966666666667,0,0.47249284,0.67968804,0.45837587,0.42023188,0.44343153,0.116139345,0.2598399251040898,0.5642975097811052,0.1632133872057811,0.0911220113199579,-214.3338074736029
1720890628.458745,46.41303333333334,0,0.4758707,0.68779457,0.463705,0.42129296,0.4483316,0.11171102,0.266779140648317,0.5767414051169258,0.1228024702693379,-0.5345787303200346,-81.1986198407192
1720890628.534216,46.4464,1,0.47390455,0.68142515,0.46514806,0.41697124,0.449866,0.12334217,0.2645988486386585,0.5586004694537958,0.5697441017806375,5.9220373302449225,839.2557011409106
1720890628.60881,46.47976666666667,0,0.47408944,0.6835151,0.47124058,0.41233665,0.45243698,0.1116141,0.2711933883067728,0.5723107035557988,1.56622625282922,13.35874028213531,978.0147943908036
1720890628.6814091,46.513133333333336,0,0.47472483,0.686981,0.47451717,0.4216218,0.4553205,0.121109255,0.2653593041443501,0.5662043744272,1.919138926042569,4.8611115059931835,-1148.2463961710905
1720890628.756927,46.5465,0,0.47662562,0.6775021,0.47722164,0.41904822,0.45827383,0.1248589,0.2584545630117601,0.5529478027804445,2.0340719164566603,1.5219305795696365,-433.7695830402997
1720890628.8321862,46.57986666666667,1,0.47664815,0.674892,0.47690135,0.4205822,0.45835972,0.13327916,0.2543099292954692,0.5419215448332723,1.9909537253857237,-0.5729291049914296,-273.06390628080044
1720890628.908216,46.613233333333326,0,0.47624454,0.6737765,0.47850198,0.41765457,0.45935526,0.13248852,0.2561318816918808,0.5415514437761358,2.292147623192043,3.9615254391600807,585.0733821023466
1720890628.9853928,46.6466,0,0.47356567,0.67436826,0.47047186,0.42104933,0.4527363,0.13356897,0.2533378274232471,0.5412002428123881,1.5059511046066507,-10.186952863238169,-1798.423300804954
1720890629.060619,46.67996666666667,0,0.47324294,0.6761411,0.46958876,0.425974,0.45074105,0.12994103,0.2501937586520139,0.546663347308242,1.5222514283654751,0.2166838228172144,1356.7019314817453
1720890629.137492,46.71333333333334,0,0.47396976,0.6740654,0.46988449,0.41637313,0.44950566,0.12515657,0.2577246579193375,0.5494537246472246,1.6435995578872022,1.578556902767431,173.79320723695494
1720890629.214667,46.7467,0,0.47126132,0.6724824,0.46771917,0.41425136,0.44759017,0.122238815,0.2582553067423209,0.5507524805403464,1.6774557151764553,0.4386925261447261,-144.89211784371514
1720890629.289977,46.78006666666667,1,0.4724408,0.6712367,0.47450107,0.4110864,0.4512661,0.1253758,0.2601584415954454,0.5462714301258569,2.675289696100666,13.249689139389377,1668.7809108875729
1720890629.364801,46.813433333333336,1,0.4691081,0.6700671,0.47371364,0.4134331,0.45036235,0.11986213,0.2566752890775728,0.5505241784937176,2.9794958109455596,4.0656299964898555,-1204.1028701578964
1720890629.440546,46.8468,1,0.46591026,0.6702615,0.4741735,0.4104251,0.45304888,0.109934874,0.2599677645530078,0.5604742221494842,3.136399354118287,2.071467742143619,-258.27057105718075
1720890629.516698,46.88016666666667,1,0.4708549,0.669333,0.47645077,0.40904775,0.45345283,0.1000376,0.2603453741700286,0.569561315543158,2.9824384292197466,-2.021755837089739,-527.29380487715
1720890629.595116,46.91353333333333,1,0.47243246,0.6694899,0.4754211,0.41330427,0.45416984,0.10257852,0.2562030828014695,0.5672054814542955,2.5134655566382538,-5.980422534378948,-495.22446583729504
1720890629.672846,46.9469,1,0.4685443,0.64399755,0.4702154,0.38440868,0.4549543,0.08851034,0.2595942462487857,0.5556534305869015,1.7702707615040727,-9.561242311157422,-451.9216382118335
1720890629.748838,46.98026666666667,1,0.46445304,0.64401853,0.46783584,0.37365642,0.45639983,0.07576307,0.27038327112283,0.5683125455766725,1.5286619720331722,-3.1794031747982032,823.8492193172732
1720890629.825875,47.01363333333334,1,0.4694744,0.65278286,0.46932966,0.38280988,0.45562798,0.08780537,0.2699730188272882,0.5651471152115178,1.3731909557557331,-2.018131839106354,147.87774190830226
1720890629.914469,47.047,1,0.46756005,0.651724,0.47022635,0.38291088,0.45480433,0.092002384,0.2688263262897039,0.5598669178747019,1.8737352433233176,5.649869230931591,849.0769648382145
1720890629.989408,47.08036666666667,0,0.47401157,0.67052525,0.46712923,0.4073979,0.45503473,0.10932185,0.2632173483634738,0.5615241750444318,0.4381408474903475,-19.15683630481269,-3247.357725943614
1720890630.065566,47.113733333333336,0,0.4723286,0.6662051,0.4678704,0.39736912,0.45345625,0.09812169,0.2688729548320362,0.5683967990850365,0.95264581738757,6.75575322687224,3337.828558449903
1720890630.141122,47.1471,0,0.47431928,0.66563195,0.4660862,0.39645317,0.4489109,0.09344372,0.2693046563603086,0.572752118222321,0.7908868934452012,-2.140913212878221,-1155.1200670815483
1720890630.216609,47.18046666666667,0,0.4726301,0.6601377,0.46749577,0.39608523,0.4520194,0.085368074,0.2641023928820225,0.5751390383188948,0.9396901806440782,1.971246538260658,534.4011742677015
1720890630.291929,47.21383333333333,1,0.46307284,0.64532864,0.46329656,0.3900609,0.45106238,0.07505701,0.2552678373368026,0.5703980729181313,1.2566157162021134,4.207720562471581,291.2879527302198
1720890630.3691049,47.2472,1,0.47377563,0.665112,0.47064537,0.39952576,0.45453873,0.08298118,0.2656047032844493,0.5824486104454485,1.217406092829226,-0.508055570611571,-599.4331191270714
1720890630.444246,47.28056666666667,1,0.47463608,0.6698433,0.4679657,0.40803978,0.45297542,0.09967609,0.2618884998385421,0.5705785393311891,0.7162286949435455,-6.669809035462382,-804.4429466390463
1720890630.519636,47.31393333333334,1,0.47606927,0.6627665,0.46883687,0.4019111,0.4554097,0.10032801,0.2609556488946172,0.5628177950770349,0.5157177116697838,-2.65965446538061,521.8157356609549
1720890630.594333,47.3473,1,0.47512317,0.6632581,0.46710628,0.39818642,0.45279366,0.09890139,0.2651928647570064,0.5647982600292616,0.533719221374353,0.2409936871131166,380.94370115012686
1720890630.670732,47.38066666666667,1,0.47130328,0.6654487,0.46855617,0.39255142,0.45644316,0.09207605,0.2729111296769703,0.573565194963584,0.9078106123097284,4.896542631454178,597.7942459240867
1720890630.745705,47.414033333333336,1,0.4725163,0.6510756,0.47115606,0.38398555,0.4579854,0.09049587,0.2670935160563317,0.5607680146567531,1.1930359627698617,3.804380947393264,-142.90644617649556
1720890630.820839,47.4474,1,0.47567052,0.6574947,0.4899497,0.38838178,0.4730304,0.09649379,0.2694915065942231,0.5610071555067698,3.306896403572052,28.134524258804607,3176.7053827980058
1720890630.896679,47.48076666666667,0,0.47586146,0.665496,0.49497914,0.3979087,0.47217026,0.11163828,0.2682693630170341,0.5538699840278767,4.46842174616628,15.31547202902376,-1658.1607126386605
1720890630.973075,47.514133333333334,0,0.47771603,0.6726716,0.4942054,0.40665197,0.47585064,0.11727115,0.2665302027986366,0.5554036233279923,3.739372345878626,-9.543032493490294,-3192.0776766916624
1720890631.049301,47.5475,0,0.47772726,0.66667604,0.49572048,0.40526018,0.47532028,0.11990833,0.2620343722352105,0.5467730096357167,4.189641139695287,5.907024077632883,1988.364375429209
1720890631.126681,47.58086666666667,0,0.47673273,0.6659195,0.49081993,0.39790994,0.47407874,0.10972207,0.2683795159323487,0.5562037367884582,3.282240405860702,-11.726526477789143,-2235.522457383671
1720890631.2053802,47.61423333333334,0,0.47491518,0.67699176,0.4842196,0.41485164,0.47440654,0.11750344,0.2623051994284745,0.5594885277118088,2.084916236878356,-15.213947648079705,-434.7139483263228
1720890631.2881331,47.6476,0,0.475892,0.6783714,0.4799553,0.41520852,0.47340792,0.10989359,0.2631942779111163,0.5684832963688987,1.1347842664905714,-11.481548999903096,442.4595596724935
1720890631.364279,47.68096666666667,0,0.4758048,0.6704388,0.4799468,0.3945219,0.47476888,0.08650935,0.2759480214214744,0.5839303980237757,0.9616578221455374,-2.2736151657502637,1186.2732713105256
1720890631.43916,47.714333333333336,0,0.47602648,0.6701654,0.48337477,0.38741654,0.47652435,0.08285302,0.282844348555998,0.5873126113718735,1.440034412965269,6.388484396612143,1134.8020130542934
1720890631.515975,47.7477,0,0.47707605,0.67143184,0.48366863,0.38362834,0.47632307,0.08112536,0.2878789973705057,0.5903069411053102,1.3852687602027387,-0.7129562097692026,-906.922244270424
1720890631.592288,47.78106666666667,0,0.4788135,0.6736787,0.48293662,0.39070132,0.47771963,0.08263139,0.2830074087825099,0.591048299206138,0.9410292550988774,-5.821280721117052,-656.6725343211288
1720890631.666892,47.814433333333334,0,0.48247758,0.68184274,0.48638743,0.3973061,0.4790934,0.085512586,0.2845634915763,0.5963397683741757,1.1123613576460656,2.2965527785514195,1067.448258620078
1720890631.743296,47.8478,0,0.48265505,0.6880895,0.48534268,0.40341476,0.47927904,0.08928769,0.2846874206553373,0.598811308450782,0.8639705678091342,-3.2510242537350904,-712.2903651498223
1720890631.820703,47.88116666666667,0,0.48186588,0.68188643,0.48559803,0.39985916,0.47977918,0.08553916,0.2820519675409693,0.5963509232046241,0.9586231358129004,1.2227888852599682,566.977636596068
1720890631.897898,47.91453333333334,0,0.48540887,0.6808036,0.48439828,0.4092041,0.4804409,0.08526283,0.271601381533636,0.595561482758265,0.2647331778515179,-8.988802319598424,-1297.698059417109
1720890631.972967,47.9479,0,0.48396125,0.67460626,0.48323455,0.40444654,0.48014084,0.09170592,0.2701606987439058,0.5829128650015095,0.2212043101405308,-0.579851820656872,1098.880478239858
1720890632.0503318,47.98126666666667,0,0.48616877,0.67101365,0.484442,0.4031314,0.4818886,0.09172228,0.2678878230659873,0.5793071558435685,0.0552012036211664,-2.145715437319244,-198.55409619453937
1720890632.124037,48.014633333333336,0,0.4858071,0.67296565,0.48316938,0.40634638,0.48025423,0.092093386,0.2666323124594167,0.5808987783971737,0.0141911929801507,-0.5564059612464641,211.53360585000084
1720890632.201078,48.048,0,0.48580796,0.67169356,0.48202148,0.4021498,0.48007888,0.09036382,0.2695703613236707,0.581357992654972,0.2397371721901696,2.927613096726422,443.6373692747012
1720890632.27584,48.08136666666667,0,0.48649997,0.6765812,0.48146874,0.4063176,0.4808785,0.09522267,0.2703104388906723,0.5813857297923078,0.5124419920646905,3.647634271925321,94.47844786772656
1720890632.351081,48.11473333333334,0,0.48469934,0.6617918,0.48047042,0.4003031,0.48166877,0.09725039,0.2615228996887224,0.5645495337613886,0.6190159206458832,1.416437054416146,-290.9063969009116
1720890632.426101,48.1481,0,0.48292717,0.6655143,0.47872034,0.40800846,0.48209542,0.09748069,0.2575401950529348,0.5680341849657207,0.8520038968074928,3.1056750695727215,220.8932070924449
1720890632.501185,48.18146666666667,0,0.48026806,0.6564489,0.47865993,0.39926788,0.48268858,0.09531968,0.257186046309338,0.5611344329816089,0.6051656518096805,-3.2874958747235183,-835.2915556885904
1720890632.5757551,48.21483333333334,0,0.48001403,0.6508829,0.4755547,0.40127346,0.48080188,0.10845,0.2496492707128484,0.542433476400781,1.1067300630766042,6.726072246169719,1317.3242253439914
1720890632.650225,48.2482,0,0.47942954,0.65375113,0.47162682,0.41481018,0.47745124,0.13064586,0.2390683210149555,0.5231090045330187,1.65369598962246,7.344801403478128,81.50596140875747
1720890632.726022,48.28156666666667,0,0.47984344,0.6518063,0.4703072,0.41324693,0.47637224,0.1343811,0.2387498912382607,0.517436822772637,1.9047598283262936,3.3123154007059816,-521.9025214243753
1720890632.803315,48.314933333333336,0,0.47958288,0.6502788,0.4693306,0.4051164,0.47536,0.12555711,0.2453766700186364,0.5247386742618692,1.9336393921455215,0.3736378976687855,-372.9762909525477
1720890632.8840032,48.3483,1,0.24115777,0.6779115,0.23051837,0.40030763,0.23019247,0.0790603,0.2778077015551279,0.5989515859361256,1.146012457771186,-9.761359926702973,-1232.2034901759423
1720890632.962311,48.38166666666667,1,0.24020013,0.6737312,0.23078632,0.4039883,0.23004422,0.087532386,0.2699071232477563,0.5862867759758473,1.006172216677931,-1.7857751252969378,999.1395481588772
1720890633.037735,48.415033333333334,1,0.24037333,0.67377055,0.23115376,0.40248692,0.23037736,0.08646147,0.2714402448873337,0.5873941217202325,0.9713501406285006,-0.4616845619657604,172.21754372723677
1720890633.111577,48.4484,1,0.24009821,0.6725952,0.23100214,0.40358546,0.23053284,0.088768214,0.2691634787134295,0.5839053725381133,0.9979475883562516,0.3601937949421301,109.1874728452596
1720890633.190161,48.48176666666667,1,0.2394154,0.6705098,0.23099212,0.40386555,0.22825575,0.089325696,0.2667772816795886,0.5812912804947935,0.7094270981224099,-3.671493594665624,-503.29425271542345
1720890633.266916,48.51513333333334,1,0.23964556,0.6707234,0.23007095,0.4025179,0.22779803,0.08878008,0.2683763103515836,0.582063860321083,0.8780628146275213,2.1970635604821327,750.0555085145908
1720890633.342701,48.5485,1,0.24002922,0.67101634,0.23008437,0.4012819,0.22739628,0.08768993,0.2699177081910481,0.5834631772691737,0.8707926388074236,-0.0959316927718971,-296.8174004251178
1720890633.417315,48.58186666666667,1,0.2399753,0.66938716,0.229942,0.40075645,0.22681776,0.08774715,0.2688180190875782,0.5817888075382371,0.8433398319313377,-0.3679308067370761,-35.76151380836464
1720890633.49161,48.615233333333336,1,0.24014524,0.6712679,0.23002824,0.4003321,0.22723886,0.08500152,0.2711246566153462,0.586408445011033,0.8770738640549235,0.4540549454202754,108.5359103441567
1720890633.568085,48.6486,1,0.240188,0.67107666,0.23032442,0.3998708,0.22737451,0.08455785,0.2713851494040633,0.586658773600724,0.831230989909364,-0.5994498997696619,-135.14083514606742
1720890633.641958,48.68196666666667,1,0.24024999,0.67164695,0.23021412,0.4013232,0.22815892,0.08686808,0.2705099820062133,0.5849038909232563,0.9418434428093904,1.4973317507677748,278.44294941229623
1720890633.715869,48.715333333333334,1,0.23941481,0.6709243,0.230033,0.39841148,0.22703815,0.08737778,0.2726742696956623,0.5836777552949751,0.7568432119228385,-2.503015139782866,-530.9551851131453
1720890633.791466,48.7487,1,0.2395741,0.6706948,0.22908056,0.39773417,0.22719558,0.08326891,0.2731622923865748,0.5875563559390797,0.9945537682456216,3.144442319142903,732.8534549972389
1720890633.866924,48.78206666666667,1,0.2399489,0.67182857,0.22939312,0.39949468,0.22696498,0.08525594,0.2725383864989665,0.5867163304794569,0.9516111599135474,-0.5690924753633627,-482.78184293303536
1720890633.942396,48.81543333333334,1,0.24048364,0.67010975,0.22983626,0.40019116,0.2272561,0.084847346,0.2701285110575095,0.5854118767360066,0.9642298857440308,0.1671977186234785,95.70461196231862
1720890634.018206,48.8488,1,0.24010053,0.6713243,0.22990131,0.39928958,0.22732262,0.08366824,0.2722258636420805,0.5877949848247864,0.9016031838655932,-0.8261012868998245,-128.53540366113867
1720890634.093079,48.88216666666667,1,0.24043438,0.6721001,0.23024006,0.39979556,0.22776571,0.08346221,0.2724953211586366,0.5887742598383209,0.911161555362053,0.1276607697755603,124.96333336041852
1720890634.169215,48.915533333333336,1,0.2403548,0.6708852,0.22994526,0.3967023,0.22762771,0.078687266,0.2743804474863134,0.5923346997154766,0.9429836128169194,0.4179640407192906,37.40516718364164
1720890634.247396,48.9489,1,0.24041355,0.6704393,0.22967263,0.4009043,0.22685154,0.08485214,0.2697489320684831,0.585744168711608,0.9553025514507462,0.1575694115475471,-32.67380035234749
1720890634.323101,48.98226666666667,1,0.24029696,0.6711608,0.2298443,0.39943284,0.22670381,0.08467109,0.2719289479422021,0.5866472410502069,0.8753146929804311,-1.0565722757959135,-157.33071610277426
1720890634.396169,49.015633333333334,1,0.24058488,0.67160493,0.22987354,0.39981443,0.22630343,0.08507746,0.2720014911020082,0.5867013116936335,0.8620852457564974,-0.1810568880021602,117.54553696838109
1720890634.4713302,49.049,1,0.23971684,0.67016023,0.22941856,0.3978085,0.22532311,0.081823856,0.2725463737911852,0.5885123945384525,0.76363892583128,-1.3098020721639685,-147.32318683114954
1720890634.5533462,49.08236666666667,1,0.24074452,0.6693224,0.22900264,0.3971391,0.22511008,0.08221347,0.272436421449963,0.5873170419605742,0.9445255256715342,2.205504038535982,420.4686480868579
1720890634.628114,49.11573333333334,1,0.24051313,0.6667955,0.22919726,0.39493233,0.22624937,0.07920422,0.2720985630004363,0.5877643912359389,0.992834049359408,0.6461137763135202,-204.60161655257528
1720890634.703887,49.1491,1,0.2403628,0.66790503,0.22928372,0.396145,0.22675009,0.0829404,0.271985787719556,0.5851230020395787,1.0015281181555442,0.1147383462955156,-68.79485989916581
1720890634.77793,49.18246666666667,1,0.24098256,0.66898704,0.22944888,0.39587766,0.2260168,0.0810692,0.2733528072157581,0.5881082544981111,0.9598747303737644,-0.5625564578282092,-89.73513826033583
1720890634.853838,49.215833333333336,1,0.2408295,0.66840965,0.22916046,0.39553043,0.22622958,0.08191999,0.2731285986990777,0.5866713725546286,1.0226808686319773,0.8273987358572776,179.63153048550612
1720890634.92925,49.2492,1,0.24149387,0.66876924,0.22933717,0.39502817,0.22623238,0.08005348,0.2740108696763759,0.5889135729118747,1.0577951028210275,0.4656317018158974,-47.060586609175665
1720890635.005481,49.28256666666667,1,0.24175644,0.6684338,0.2289807,0.39432767,0.22588792,0.07817658,0.2744036838631756,0.5904704939992358,1.128657679397433,0.92957686461557,59.70408205898623
1720890635.083148,49.315933333333334,1,0.24173889,0.6675417,0.22951666,0.3944693,0.22658877,0.08111369,0.2733457774541233,0.5866236523314273,1.0829301658742312,-0.588763757502999,-191.77928726343185
1720890635.158937,49.3493,1,0.24118313,0.66849846,0.22915015,0.39540786,0.2261169,0.08175267,0.2733555726179537,0.5869391992663315,1.0521074975868183,-0.406690661593195,23.56724149502029
1720890635.232696,49.38266666666667,1,0.24183896,0.66930825,0.22945957,0.39523062,0.22604723,0.07821091,0.2743570545718391,0.5913082628074862,1.055902513712459,0.0514515118429763,60.93317302210955
1720890635.306082,49.41603333333334,1,0.24162793,0.6697045,0.22962663,0.3954074,0.22598565,0.079434864,0.2745595091007323,0.5904768509511475,0.9873688151872572,-0.9338803255947726,-131.71601391207176
1720890635.381406,49.4494,1,0.24131568,0.66709113,0.22970954,0.39466947,0.22595048,0.07877506,0.2726687776390037,0.5885166971125111,0.9431630013452712,-0.5868750928069872,45.19301535205637
1720890635.458354,49.48276666666667,1,0.24147375,0.6690795,0.2300003,0.39505628,0.22657919,0.08206147,0.2742632984732487,0.5872069443595014,0.9441875647205404,0.013315022364994,76.51752585216728
1720890635.5347369,49.516133333333336,1,0.2398695,0.6692073,0.22840884,0.3976394,0.22364017,0.0896776,0.2718096039878631,0.5797568441894888,0.8124662361218263,-1.724487692242795,-223.18935404748817
1720890635.608208,49.5495,1,0.2390397,0.66626984,0.2280645,0.3973726,0.22297165,0.08991534,0.2691211217101664,0.5765784389719176,0.7400415287723577,-0.985758176709195,98.63660094899237
1720890635.684008,49.58286666666667,1,0.23845729,0.6638306,0.22781649,0.39381248,0.2227734,0.085040964,0.2702276842795057,0.579002051766597,0.7045435163068143,-0.4683118683358451,66.96770670392853
1720890635.760861,49.61623333333334,1,0.23993161,0.65381277,0.2295303,0.38598293,0.2236211,0.07813638,0.2680317293859763,0.5759073963348564,0.6010163776497808,-1.34707934597326,-112.17135074347529
1720890635.835496,49.6496,1,0.24048118,0.6521129,0.22955517,0.38322914,0.22414935,0.070780545,0.2691056606586405,0.5815616923968909,0.7176303016502827,1.562455670136919,382.4281835486286
1720890635.909546,49.68296666666667,1,0.2399452,0.6522153,0.22932246,0.38640106,0.22342753,0.07643986,0.2660264184459691,0.5760123226857886,0.6451509738512594,-0.9787896972991704,-336.65947341931775
1720890635.983605,49.71633333333334,1,0.24043679,0.6508646,0.2293044,0.38499513,0.22329429,0.076781675,0.2661024320555133,0.5743387973817295,0.6872025359612859,0.5678115649183664,204.86580193461293
1720890636.059795,49.7497,1,0.23989181,0.6525204,0.22889838,0.3847524,0.22416516,0.07363284,0.2679936026480896,0.5791011656797805,0.7949789973571708,1.4145749932364275,109.02677250859428
1720890636.1360168,49.78306666666667,1,0.23963788,0.65359837,0.22872469,0.38690418,0.22318058,0.076238,0.2669173800304019,0.5775948966833736,0.7104585662667113,-1.1088726929928825,-324.77552866716826
1720890636.21914,49.816433333333336,1,0.23998518,0.65313864,0.22781745,0.3849654,0.22153263,0.074949056,0.2684491470210023,0.5784839872936329,0.7697910465169651,0.7137895940947219,215.1061979174876
1720890636.294314,49.8498,1,0.2399033,0.65450686,0.22740278,0.38542002,0.22136483,0.07292366,0.2693770394327947,0.5818785919517506,0.8338424223729535,0.8520432536370706,18.04175671469519
1720890636.370792,49.88316666666667,1,0.24031512,0.65246195,0.22650683,0.38477919,0.22094652,0.07235987,0.2680386716992938,0.5804253380699955,1.0406129430350457,2.703659988699435,237.51090657072857
1720890636.44654,49.916533333333334,1,0.24001713,0.6538707,0.22644229,0.38265687,0.22114757,0.068942875,0.2715533420260743,0.5852320809028566,1.017773794193776,-0.3015140594487803,-389.1941378724127
1720890636.5214489,49.9499,1,0.24029851,0.6530218,0.22743325,0.3849435,0.22205253,0.07379462,0.2683868559080301,0.5795145171114904,0.9432375639971616,-0.9950272397548646,-90.82204427870175
1720890636.596534,49.98326666666667,1,0.24067144,0.6491998,0.22778659,0.3839523,0.22330132,0.073474884,0.2655602616342231,0.5759868759545694,1.0528044254833848,1.459234513698637,320.653332856681
1720890636.6707149,50.01663333333334,1,0.2412487,0.652995,0.228399,0.38333002,0.22448587,0.07031059,0.2699709476081526,0.582925466548246,1.0803193213468705,0.370916470171662,-143.92395393334309
1720890636.745975,50.05,1,0.24098954,0.65063924,0.22799571,0.385661,0.2243081,0.072754204,0.2652966300686981,0.5781257476196597,1.153944655158433,0.9782776373206084,79.16821945910722
1720890636.819744,50.08336666666667,1,0.2406187,0.65175974,0.22817957,0.38547894,0.22477272,0.0725772,0.2665711846814392,0.5793992915613191,1.107301433346225,-0.6322867774791731,-214.17691828559475
1720890636.89552,50.116733333333336,1,0.24088545,0.6521209,0.2276742,0.38597035,0.22332916,0.07272226,0.2664782241845382,0.5796645567118678,1.106148849607395,-0.015210433934529,79.88716711575846
1720890636.970742,50.1501,1,0.24109533,0.6509456,0.22714703,0.38333222,0.22302453,0.07038886,0.2679766352160501,0.5808379242132145,1.2008915999739984,1.2595082687815244,166.2410985710766
1720890637.045208,50.18346666666667,1,0.24070327,0.6540764,0.22692367,0.38410813,0.22245017,0.069988504,0.2703197083763321,0.5843730489595538,1.1320053537671544,-0.9250699029892798,-287.79194160885095
1720890637.120558,50.216833333333334,1,0.2410527,0.6520293,0.22739887,0.38295305,0.22258762,0.0701167,0.2694224259714044,0.5822054679227623,1.087576781079294,-0.5896290042715456,43.671840751470064
1720890637.197224,50.2502,1,0.24075976,0.653544,0.2273288,0.3859238,0.22187836,0.07646546,0.2679570209828681,0.5773873877888517,0.999318428268764,-1.151207744205178,-71.85840117145916
1720890637.270484,50.28356666666667,1,0.2412912,0.6533011,0.22855148,0.38309842,0.22353789,0.07281388,0.2705028604546394,0.5807586664612492,0.947719808073488,-0.7043212076463351,59.841015574519176
1720890637.344068,50.31693333333334,0,0.4800114,0.6340544,0.4636771,0.39015922,0.46621752,0.09864551,0.2444415659980198,0.5355865724316665,2.355723581112718,19.134625016276683,2644.866432221735
1720890637.4183328,50.3503,0,0.48066282,0.6343012,0.4647405,0.39127448,0.46836385,0.099564254,0.2435477336207961,0.5348783510478529,2.4308930803639623,1.0121825534368425,-2393.8830355594414
1720890637.494297,50.38366666666667,0,0.48085183,0.63440305,0.4658943,0.39185143,0.46896616,0.09846346,0.2430123824155815,0.5360713538852827,2.258214941689239,-2.2731511744694917,-424.2672022134064
1720890637.580427,50.417033333333336,0,0.48021197,0.6354071,0.46615195,0.39466774,0.47052294,0.0982228,0.2411495732342579,0.537271670033124,2.3091797224074053,0.5917199308669141,326.30229810526
1720890637.6559622,50.4504,0,0.47993153,0.63461024,0.46696758,0.39933538,0.47108594,0.105551295,0.2356317459102486,0.5291328750468859,2.196005788602877,-1.4982920265012325,-271.43624251441344
1720890637.732908,50.48376666666667,0,0.4793229,0.63712287,0.4659934,0.40552357,0.4690725,0.11444812,0.2319825683063008,0.5227752425883618,2.170445548543149,-0.3321850722994103,148.66973818222516
1720890637.8078651,50.517133333333334,0,0.47947264,0.638444,0.46717232,0.40845248,0.47045135,0.1145266,0.2303202106833532,0.5239950991237363,2.0749123033406667,-1.2745050700421217,-123.32594496797996
1720890637.8833542,50.5505,0,0.47913188,0.63578236,0.46786326,0.40060508,0.47165936,0.10879875,0.2354470939123185,0.5270365954071726,1.930828081368629,-1.9086772593176948,-82.41234530907685
1720890637.958196,50.58386666666667,0,0.47818226,0.63609093,0.4683222,0.3970168,0.47270495,0.10234973,0.2392773824353292,0.5337693393575471,1.7738505385411734,-2.097459887392105,-24.74498371036871
1720890638.0365708,50.61723333333334,0,0.4791688,0.6450798,0.47261128,0.4035179,0.4755261,0.105178855,0.2416508796884738,0.5399132470613628,1.168499356268235,-7.723792573836464,-704.2350285930837
1720890638.116311,50.6506,0,0.47954768,0.6492686,0.4735589,0.4052943,0.47771445,0.10277992,0.2440478194724619,0.5464917771308775,1.213898862512948,0.569342155567185,1020.2578383604128
1720890638.199432,50.68396666666667,0,0.48102894,0.65559924,0.47916168,0.39901963,0.48181438,0.09917448,0.256586402167254,0.5564252913337268,0.4977861717007965,-8.61532243993463,-1083.983008484307
1720890638.277834,50.717333333333336,0,0.48083058,0.65388423,0.47934866,0.4003853,0.48093206,0.10124448,0.2535032731761356,0.5526397321408019,0.3457042748052381,-1.939769580761059,835.2738213583948
1720890638.357624,50.7507,0,0.4809317,0.6562911,0.47933164,0.41128457,0.4816416,0.10733564,0.2450117859449753,0.5489559591298246,0.4479341878036245,1.281235307678101,396.0146919756987
1720890638.436919,50.78406666666667,0,0.48067385,0.65730184,0.47973508,0.40371546,0.48050982,0.0972676,0.253588119330251,0.5600342990771138,0.195789171493502,-3.179838209219277,-551.9033403226412
1720890638.572408,50.817433333333334,0,0.48107567,0.6546094,0.48059273,0.39808533,0.48136908,0.086219765,0.2565245108070753,0.5683896702827315,0.1397676604840899,-0.4134764917995319,200.29678466854335
1720890638.651856,50.8508,0,0.48020062,0.65802026,0.47950977,0.40558845,0.48030716,0.09208222,0.252432755245731,0.5659380655441919,0.167361099809983,0.3473145282623992,93.94020421560704
1720890638.72769,50.88416666666667,0,0.47950974,0.66190284,0.48027825,0.40894246,0.48001465,0.09769628,0.2529615512884544,0.564206766508046,0.1223054252802229,-0.5941352588034458,-121.78729912954412
1720890638.806765,50.91753333333334,0,0.48053545,0.6631755,0.48109907,0.4180133,0.4802087,0.112306125,0.2451628666838304,0.5508695021776123,0.1645695152028528,0.5344803986517908,140.0152497358212
1720890638.8934531,50.9509,0,0.48161,0.66052943,0.4830083,0.41108972,0.48373303,0.10199426,0.2494436355506034,0.5585391935026346,0.1044077081036328,-0.6940035318416241,-139.02064371983664
1720890638.969162,50.98426666666667,0,0.4880508,0.6754193,0.48539305,0.41228136,0.48486787,0.105714925,0.2631513282857758,0.5697132451639776,0.2584919411214825,2.0352204558826092,353.64005158068926
1720890639.0439029,51.017633333333336,0,0.4896657,0.6860131,0.4876216,0.41521454,0.48719344,0.09099511,0.2708062785668686,0.5950231055892125,0.194695331702933,-0.8535704116632313,-379.1637973046223
1720890639.119588,51.051,0,0.48772883,0.6854999,0.48941,0.4180442,0.49008808,0.09066261,0.2674609808025059,0.5948419865179856,0.1343545395815378,-0.7972594661721052,7.2987838808615395
1720890639.1967978,51.08436666666667,0,0.48862594,0.6833293,0.49077788,0.411989,0.48974094,0.08465875,0.2713488138887498,0.5986715805501107,0.3479176312673248,2.7660133513361895,452.73717325374344
1720890639.275656,51.117733333333334,0,0.49515194,0.68773854,0.49127203,0.41051525,0.49034038,0.08162481,0.2772504384703128,0.6061328295130872,0.3466219480167843,-0.0164305586929136,-346.13770690692826
1720890639.351539,51.1511,0,0.4887875,0.68233305,0.49157292,0.41651806,0.4909014,0.09335092,0.2658295832650104,0.5889858987446402,0.3948602997307373,0.6356945278539367,84.30550379804724
1720890639.427179,51.18446666666667,0,0.489149,0.67978835,0.49642307,0.40815818,0.49261093,0.09563022,0.2717275475847823,0.584168380750504,1.1943873408684895,10.570133666455186,1288.426602899619
1720890639.505847,51.21783333333334,0,0.4893385,0.68415284,0.497897,0.41151047,0.49326792,0.0913353,0.2727766710049771,0.592830567746126,1.418101675453448,2.843782457735488,-963.4873371474238
1720890639.586066,51.2512,0,0.48972997,0.68818384,0.49884358,0.4134863,0.494907,0.09591143,0.2748486812210474,0.5922950264542678,1.3995593344749024,-0.2311464111527185,-376.0336177189738
1720890639.665838,51.28456666666667,0,0.49131736,0.68742055,0.49973622,0.41466138,0.4965199,0.09928422,0.272889064694809,0.5881593251541404,1.2612407986699334,-1.7339234760389637,-184.8047413872519
1720890639.7444649,51.317933333333336,0,0.49258098,0.6923152,0.5007432,0.42808872,0.49800372,0.118069224,0.2643525360332512,0.574271592867879,1.228525802402528,-0.4160790809295857,164.42284086440958
1720890639.824186,51.3513,0,0.493586,0.68947446,0.50085545,0.42485762,0.49816313,0.1184397,0.2647166797250416,0.5710531327867454,1.1144727419138811,-1.430648845816146,-124.8466887985958
1720890639.904602,51.38466666666666,0,0.49904147,0.6936392,0.5069545,0.41054073,0.50016356,0.10674226,0.2832090578298574,0.5868980286242629,1.4914546328551277,4.687898665839782,746.4059125730239
1720890639.9836988,51.418033333333334,0,0.5014494,0.69533175,0.5063932,0.41516826,0.5024019,0.10525523,0.28020711258246,0.5900772748701951,0.9185507715046668,-7.2430730937125,-1479.7418056057045
1720890640.061137,51.4514,0,0.4981892,0.6881509,0.50633216,0.39630014,0.5070338,0.07259964,0.2919643220624023,0.615614772405733,0.7751259100399485,-1.8521222976084089,682.935355239161
1720890640.137302,51.48476666666667,0,0.5014975,0.6877644,0.5085311,0.40569055,0.50346315,0.09768808,0.2821615339470469,0.5900796012543171,1.2374582867872317,6.070145267845439,1020.3831780170576
1720890640.216724,51.51813333333334,0,0.5013757,0.6834195,0.51113886,0.40291905,0.514973,0.0765849,0.2806703302286097,0.6069869679958886,0.709686621101468,-6.64515732610609,-1570.5613438079934
1720890640.302901,51.5515,0,0.50615907,0.67776626,0.5275239,0.4023617,0.5173649,0.08510198,0.2762320285033675,0.5927702297419071,3.3526454110053088,30.668918571235647,4247.6602162512445
1720890640.37851,51.58486666666667,0,0.5117384,0.669694,0.53169423,0.3822907,0.520088,0.06708535,0.2880952970052018,0.6026665229319509,3.178152927186055,-2.3078278508390384,-4278.61783878436
1720890640.468142,51.618233333333336,0,0.5113848,0.6874848,0.5334041,0.39142808,0.522754,0.07029591,0.296874436090546,0.6172935782306652,3.1982559165258606,0.2242835331855393,277.13320210555526
1720890640.545315,51.6516,0,0.51684487,0.70064825,0.5303677,0.40191257,0.5190728,0.0701508,0.2990415884945788,0.6305013918012824,2.3893991907621137,-10.48108512327584,-1360.8344090526482
1720890640.619948,51.68496666666667,0,0.52074957,0.7170842,0.52337885,0.41493967,0.51654893,0.098780565,0.3021559970977143,0.618317925578639,0.8878665895603954,-20.11885033367229,-1266.8165933010207
1720890640.6957922,51.718333333333334,0,0.5250266,0.7135823,0.5320572,0.40609986,0.52327985,0.062703915,0.3075627885382087,0.6508807137276417,1.463646681179643,7.591631720171688,3584.194553246145
1720890640.7704802,51.7517,0,0.52493423,0.71103007,0.5357491,0.40855375,0.5284229,0.077369586,0.302669593853013,0.6336700987324951,1.732295201572016,3.59694559118128,-524.6879429933595
1720890640.8449,51.78506666666667,1,0.24126944,0.6559285,0.22924483,0.37895185,0.2198549,0.06759661,0.2772375392092999,0.5887214800936398,0.400686737846999,-17.893159178047334,-2832.8137303296203
1720890640.922402,51.81843333333334,0,0.5273546,0.7089538,0.5297991,0.4115183,0.5156638,0.07110327,0.2974455373244381,0.6379576509319239,1.5209908769379434,14.455161956783384,4094.5650455829737
1720890641.004208,51.8518,0,0.52773607,0.70573384,0.52683806,0.40570042,0.51489675,0.074893355,0.300034764188985,0.630971124291163,0.9944767241509964,-6.436135617936933,-2505.2412829416553
1720890641.079798,51.88516666666667,0,0.5307505,0.71304965,0.53208494,0.42412055,0.51672065,0.08686833,0.2889321863406751,0.6263384572531621,1.5480972349422728,7.32400156094804,1785.7802988250005
1720890641.15954,51.918533333333336,0,0.5327004,0.7142856,0.5350542,0.42740598,0.51916766,0.09849207,0.2868892849012397,0.6159422070362589,1.7291147129349504,2.270040638442034,-621.7474448924401
1720890641.2381551,51.9519,0,0.53586906,0.72108775,0.53511673,0.4373666,0.52070415,0.09205778,0.2837221464245323,0.6292127636299035,1.229106224470597,-6.360202110779507,-1076.9252466225803
1720890641.319478,51.98526666666667,1,0.2456644,0.6497608,0.24473222,0.37469596,0.23197445,0.056041908,0.2750664055844186,0.5938766966070074,1.126804932268666,-1.2579640130044545,615.4840834277965
1720890641.408525,52.018633333333334,1,0.2467694,0.6520083,0.2471509,0.37561193,0.23316464,0.056103006,0.2763966272582338,0.5960605848242918,1.3867756281284112,2.91947877996014,460.2146558406604
1720890641.492597,52.052,1,0.24741566,0.65373623,0.24949451,0.37633374,0.23398256,0.056054052,0.2774102796737946,0.5978331155652762,1.7168209184384575,3.925740395800027,117.41618111860772
1720890641.588447,52.08536666666667,1,0.24882014,0.654575,0.25041017,0.37790078,0.23262134,0.058387715,0.2766787798815935,0.5964073189151368,1.8855065476155488,1.7598919696336306,-221.66901502485965
1720890641.667628,52.11873333333334,1,0.25019178,0.65479743,0.25212964,0.37973675,0.23334305,0.059937373,0.2750675097622446,0.5950986394975628,2.0260535119650696,1.7750096948864749,1.8729867942279952
1720890641.745732,52.1521,1,0.25019652,0.65606564,0.25317758,0.38104498,0.23394522,0.059934996,0.2750368150246782,0.5963521436845782,2.1825459156489786,2.0036408542975237,28.71646936738364
1720890641.8222458,52.18546666666667,1,0.2506372,0.6518532,0.25290734,0.38081297,0.23288703,0.060882546,0.2710497377152244,0.591237144124045,2.2002876814778087,0.2318767781047281,-227.16180648091887
1720890641.898587,52.218833333333336,1,0.25111675,0.65189606,0.25294057,0.3814345,0.23255217,0.0633745,0.2704677085152419,0.5888142720231637,2.193029897610315,-0.0950703998980758,-42.01340593047555
1720890641.9738848,52.2522,1,0.2516984,0.6535583,0.25342435,0.3819191,0.23202384,0.06647797,0.2716447109584107,0.5874099396011692,2.2834350250522135,1.200633862270723,168.8077650008119
1720890642.049469,52.28556666666667,1,0.25099975,0.6548241,0.25429124,0.38122702,0.23149845,0.06597417,0.2736168599082155,0.589172731815786,2.58613694316538,4.004832034110224,363.9542896373217
1720890642.1309671,52.318933333333334,1,0.25151864,0.6560878,0.25508055,0.38285485,0.23047891,0.068791196,0.2732561825498704,0.5876733551682023,2.798624475014721,2.6072682892736103,-168.22591678633552
1720890642.2102442,52.3523,1,0.2517789,0.65732765,0.2568234,0.38438866,0.23081963,0.07021065,0.2729856089978862,0.58749100586396,3.103286516418003,3.843004820595798,152.9140794143259
1720890642.289412,52.38566666666667,0,0.54001254,0.71877366,0.54102504,0.41804948,0.52086294,0.0973387,0.3007258830408629,0.6217299653353019,1.9578750292820015,-14.4681406703141,-2269.0063384973637
1720890642.368324,52.41903333333334,0,0.53927505,0.72278833,0.53786385,0.40861133,0.5178514,0.09191187,0.3141801758336983,0.6312401343474421,1.6875415887465826,-3.425757463333152,1372.741182289501
1720890642.4480698,52.4524,0,0.5410212,0.7258078,0.53944594,0.4128691,0.5194694,0.10264359,0.3129426550620325,0.6235367459511105,1.692390679153616,0.0608068670901565,428.90295366876506
1720890642.528363,52.48576666666667,0,0.53012437,0.7229329,0.5243277,0.41607717,0.5132545,0.10548013,0.3069104546072216,0.6176831538604727,0.4822835287132401,-15.071107809749773,-1848.7757695620976
1720890642.61048,52.519133333333336,0,0.5300974,0.7197293,0.5209531,0.41952565,0.51363045,0.10330722,0.300342888251504,0.6166419656623169,0.2143708566155923,-3.262569368655647,1410.6902137278412
1720890642.6896052,52.5525,0,0.53828233,0.7195855,0.5208365,0.42965296,0.5123127,0.10490212,0.2904569224503741,0.6152317375803426,1.0239630417832024,10.231791308827864,1673.0413980757387
1720890642.77354,52.58586666666667,0,0.53931844,0.71294564,0.51745206,0.43621686,0.5076304,0.12098785,0.277591346758397,0.5928053453211082,1.4538296411228169,5.1214357050076735,-597.2802469113717
1720890642.8569589,52.619233333333334,0,0.54256094,0.7216361,0.5245112,0.44480985,0.5113748,0.12536024,0.277414080171344,0.5970908517143676,0.736282004975009,-8.60174492256089,-1613.836779114038
1720890642.9298098,52.6526,0,0.5416553,0.72568154,0.53128606,0.44811067,0.5179672,0.1276044,0.2777644883328248,0.5985461017181394,0.1288918584420937,-8.33743702906343,35.59130935381833
1720890643.007391,52.68596666666667,0,0.5401583,0.73276997,0.5393763,0.45927346,0.5256361,0.13857259,0.2734976264366711,0.5943748273221722,1.2361627959536057,14.27241916013351,2858.9759236799064
1720890643.0874271,52.71933333333334,0,0.54370636,0.73059946,0.54644597,0.44686878,0.52914387,0.11869471,0.2837439117717807,0.612077999349628,1.9164207774257775,8.499382693629528,-707.5987326234167
1720890643.165494,52.7527,0,0.5315757,0.7217252,0.53619593,0.44803888,0.5216733,0.12207021,0.2737253451744604,0.5997367875054367,1.913171502267556,-0.0416217147571723,-1073.276033911537
1720890643.294425,52.78606666666667,0,0.5461849,0.72769284,0.5517072,0.4373746,0.5367127,0.10580819,0.2903707674334228,0.621956777349423,1.962269171013013,0.3808056356231493,32.141306929797224
1720890643.4288902,52.819433333333336,0,0.5279872,0.7192688,0.51593363,0.4317006,0.5094656,0.11434248,0.287820715633356,0.6052098281621121,0.646545114178718,-9.784865412874584,-741.6433392432406
1720890643.510437,52.8528,0,0.52505755,0.717335,0.5147885,0.42571974,0.50979936,0.10990599,0.2917960006730853,0.6076206349140975,0.5777418374197906,-0.8437276597601282,1075.610314106067
1720890643.589525,52.886166666666675,1,0.524598,0.7149351,0.50724524,0.41998333,0.5001627,0.10804331,0.2954618089555109,0.6073835305016005,1.0613586626870224,6.114922523839911,863.1446226468958
1720890643.6686358,52.919533333333334,1,0.52393353,0.71472114,0.51378196,0.41506374,0.5068812,0.10658211,0.2998293086055062,0.6083780669677639,0.3343073629482977,-9.19028426894303,-1897.894638893134
1720890643.7450671,52.9529,1,0.5208512,0.712255,0.5096524,0.41634887,0.502375,0.105267905,0.2961179650741492,0.6072682535939111,0.4236612744258757,1.169075253063396,1329.6300197787243
1720890643.821142,52.98626666666667,0,0.52030104,0.72222036,0.5120734,0.4403079,0.50539035,0.12479843,0.2820325126468453,0.5976079887808098,0.2416608333410215,-2.3923868172782727,-459.25753554552546
1720890643.893622,53.01963333333334,0,0.5171703,0.71879095,0.51253146,0.43192732,0.5082851,0.12006567,0.2869011298554026,0.5987911847989198,0.0765430440759422,-2.2781163474889365,15.466251051385198
1720890643.9689002,53.053,0,0.5226733,0.7244551,0.515429,0.43094936,0.5126567,0.11934732,0.2935951459557551,0.6051906833924846,0.4653139819630419,5.164450180096327,969.8889976669273
1720890644.045558,53.08636666666667,0,0.5273423,0.7237679,0.5295142,0.42117065,0.53098744,0.11294062,0.3026050188620518,0.6108381432368813,0.0720236981954833,-5.130468485806454,-1317.454830645402
1720890644.125669,53.119733333333336,0,0.5520942,0.73494196,0.5675979,0.42651474,0.563446,0.10928188,0.3088166309875493,0.6257630346444503,1.8382054504257648,22.04667476594886,3327.978507695352
1720890644.20834,53.1531,1,0.56089205,0.73366714,0.5710241,0.41744354,0.5669558,0.10122986,0.3163858700917469,0.6324663575184969,1.2859499171490882,-6.680166208343538,-3408.82000506789
1720890644.281336,53.18646666666667,0,0.56426036,0.74851143,0.57113713,0.43782076,0.56838703,0.11237805,0.3107667663926293,0.6361467577200275,0.8964499710467002,-5.335897879389846,180.65711957647147
1720890644.356443,53.219833333333334,0,0.5633811,0.7370942,0.5783067,0.42395854,0.57255465,0.10827208,0.3134911957493064,0.6288890586155391,1.893059192371255,13.269217110727428,2430.0866788963967
1720890644.429088,53.2532,0,0.5651808,0.7608841,0.5802335,0.44633582,0.579236,0.120261274,0.3149082528395117,0.6407770203438543,1.4829264801631223,-5.645696941690798,-2554.268404442113
1720890644.503238,53.28656666666667,0,0.5642048,0.75451493,0.58384836,0.43170258,0.58335507,0.11254512,0.3234094638031652,0.6422553670103228,1.7735271434543625,3.9190999702421543,1265.4194373090245
1720890644.578302,53.31993333333334,0,0.5632006,0.75570846,0.57808983,0.44971603,0.5810997,0.1233404,0.3063544569934497,0.632621352837627,1.1643278662014878,-8.11573767514028,-1572.8158051062585
1720890644.65203,53.3533,0,0.5622885,0.7482607,0.57791966,0.43899035,0.5838052,0.116455436,0.3096650848655977,0.6321715196373217,0.9427501803847178,-3.0053362585840726,679.9720648209176
1720890644.724308,53.38666666666667,0,0.56710756,0.7556948,0.5851364,0.44400096,0.5888229,0.11963984,0.312214820266094,0.6364255728907591,1.355164345318674,5.7059414349020035,1182.346042442714
1720890644.8001149,53.420033333333336,0,0.56527215,0.75505674,0.5852963,0.44780973,0.5893609,0.12552497,0.3078988345570559,0.6299924448096298,1.537531049943365,2.4056756060541526,-427.08020650046575
1720890644.873214,53.4534,0,0.56464374,0.7581209,0.58568347,0.45417345,0.5932962,0.13039547,0.3046747800368187,0.6283789999880501,1.3463154928226482,-2.6158388000445236,-673.8938212108844
1720890644.9482949,53.48676666666667,0,0.5618065,0.75911003,0.5860461,0.4582895,0.5921126,0.13419983,0.3017955419468395,0.6256446771629569,1.8303663338042688,6.447059427816582,1184.150233500954
1720890645.0234702,53.520133333333334,0,0.56291485,0.7508699,0.58694136,0.44939697,0.59028953,0.13006683,0.302428867818643,0.6214063761977171,2.0318144563308747,2.67971211039946,-491.6200452985048
1720890645.097919,53.5535,0,0.56015396,0.74336344,0.5775989,0.45404577,0.5828608,0.1331076,0.2898431293559808,0.6106781385523322,1.3197194584598622,-9.564892503227682,-1613.45156203551
1720890645.173662,53.58686666666667,0,0.5584141,0.73696476,0.577128,0.45470288,0.5836947,0.13057724,0.2828815611694568,0.6069142474627742,1.4058759391269342,1.1374849978684278,1386.1396929661596
1720890645.248275,53.62023333333334,0,0.5621599,0.73262584,0.581436,0.44968385,0.5863975,0.13440497,0.2835978509306727,0.5987116917617683,1.5771779463198148,2.2958705671101702,152.30252191427613
1720890645.329246,53.6536,1,0.56454194,0.72197014,0.58298427,0.44785526,0.5861479,0.13430473,0.2747345726730905,0.5880624844860028,1.7435308407561445,2.05447492482966,-29.246164371857688
1720890645.41078,53.68696666666667,0,0.56348115,0.7168005,0.58288604,0.43694547,0.5871289,0.1296182,0.2805269944347832,0.5876582755869215,1.6602533755674247,-1.0213844321883494,-370.0813651665043
1720890645.484136,53.720333333333336,0,0.5578424,0.72244465,0.5803679,0.42950156,0.58783436,0.11561818,0.2938078529430316,0.6075671987993405,1.5675415182512114,-1.263863447670196,-32.427094685826084
1720890645.560725,53.7537,0,0.5596582,0.7273764,0.58174884,0.44112697,0.5917479,0.12509437,0.2871005587169561,0.6031363114118077,1.363154680225139,-2.6686149592517294,-179.92914104918646
1720890645.6356008,53.78706666666667,0,0.56156147,0.7268846,0.5816607,0.44005203,0.59413904,0.12530953,0.2875359152436884,0.6024565304704608,0.9086625664623234,-6.069944119839495,-445.6316324048909
1720890645.7104309,53.820433333333334,0,0.56099135,0.72538316,0.5824555,0.435423,0.59874713,0.12374509,0.2907535280516018,0.6028215965021555,0.6425992970998048,-3.5555669245532693,329.6274499289983
1720890748.30195,98.1981,0,0.48124504,0.60645133,0.4736155,0.33798128,0.4796439,0.06343606,0.2685784375064639,0.5430176021560854,1.4587390130784432,-6.76429382601581,-999.6431854307152
1720890748.378174,98.23146666666668,0,0.47802368,0.6074623,0.46946102,0.33862302,0.47640967,0.061667614,0.2689755975467677,0.5457970522460973,1.6550141986077724,2.574975824008882,1201.9590770681843
1720890748.456148,98.26483333333334,0,0.47603145,0.6062724,0.4709999,0.34071764,0.4808672,0.055218082,0.2656024189454461,0.5510755164534905,1.5882127515559132,-0.856716108973665,-431.7460411211933
1720890748.531391,98.2982,0,0.4755598,0.60705286,0.46822605,0.34127298,0.47593617,0.06029611,0.2658810448328716,0.5467568739277647,1.6199708103396775,0.4220732876276253,166.7254709617878
1720890748.60563,98.33156666666667,0,0.4760572,0.60543466,0.4617927,0.34706968,0.4720654,0.06366406,0.2587584517165803,0.5417852832408773,2.7380718746221913,15.060828266093322,1934.376220082016
1720890748.680502,98.36493333333334,0,0.47856894,0.6039217,0.467357,0.336474,0.47601923,0.058591302,0.2676826199377301,0.5453363658187562,2.1327603475767165,-8.08461628326989,-3032.5990992346115
1720890748.754095,98.3983,1,0.23916054,0.6580233,0.22646913,0.38469785,0.21684714,0.07541476,0.2736199367455151,0.5830356563647761,0.4653557408790471,-22.657065789869055,-1942.514347704868
1720890748.8428211,98.43166666666669,1,0.2388382,0.6580762,0.22575054,0.38354445,0.2162505,0.073596746,0.2748435664064329,0.5849157487349793,0.5157932361443801,0.5684632511645147,2567.9319215439114
1720890748.922775,98.46503333333334,0,0.48089424,0.6058344,0.46237534,0.347923,0.4708615,0.067319624,0.2585754181911804,0.5386082417947149,3.0395454443194745,31.565088464795487,3803.152309274539
1720890749.000319,98.4984,0,0.4850042,0.60680264,0.4714664,0.34141272,0.47761232,0.0660549,0.2657349828906318,0.5407982817599448,2.1369886640965308,-11.639289741873656,-5465.736778331281
1720890749.0750642,98.53176666666668,1,0.2350812,0.65765226,0.22795483,0.3862818,0.21878533,0.07430261,0.2714640257848287,0.583577213146885,0.0961652790908518,-27.303746322288895,-2055.896081966858
1720890749.1486778,98.56513333333334,1,0.2388988,0.6568851,0.22637744,0.3794907,0.21636002,0.06890829,0.2776768422470472,0.5884086417228223,0.3895328691619483,3.985233925940576,4169.674003778349
1720890749.223826,98.5985,0,0.48776698,0.6143197,0.47502846,0.37298915,0.4814446,0.087427095,0.2416664991016793,0.5269305334176637,2.334004997909505,25.87519821917419,2857.564378251571
1720890749.2975092,98.63186666666668,0,0.48414916,0.61642087,0.4712339,0.3748454,0.4771369,0.08210338,0.2419204746932719,0.53436350494509,2.3083714667555166,-0.3478881160113126,-3491.274278782127
1720890749.3732831,98.66523333333332,0,0.48232445,0.62167,0.46662682,0.3780724,0.47020745,0.0834641,0.244102856887272,0.5383423035115342,2.3972389832492773,1.1727976612469562,196.87407889301187
1720890749.447874,98.6986,0,0.47695255,0.6218514,0.4611618,0.3808489,0.4667245,0.08214425,0.2415192306767146,0.5398040323262664,2.6630319402813227,3.5633419193156497,314.39803572438717
1720890749.52292,98.73196666666666,0,0.47847313,0.6229602,0.46542817,0.38090956,0.47306967,0.0863991,0.2424019118675167,0.5365883386565575,2.5079083036092817,-2.0670522128829067,-736.0058622236288
1720890749.596702,98.76533333333334,0,0.47805262,0.62613726,0.46380043,0.3823462,0.47204977,0.08996964,0.2442072845299621,0.5362012239768777,2.7043254030490393,2.6621287963982017,628.7886794682647
1720890749.670499,98.7987,0,0.47540036,0.6270183,0.46275696,0.3838772,0.47351113,0.08950273,0.2434695928754901,0.5375188411159671,2.7753091306541617,0.9618752831054872,-226.0178041951988
1720890749.748119,98.83206666666668,0,0.47898555,0.6284098,0.46405715,0.38675064,0.47356668,0.092055954,0.2421198234229574,0.5363811996554912,2.956075739380555,2.328865500419414,172.7669279046172
1720890749.833621,98.86543333333334,0,0.48139495,0.62677777,0.46606842,0.38318336,0.4748569,0.085394666,0.2440760908814467,0.5414225646009835,2.908205381794214,-0.5598747209611785,-331.43752950477113
1720890749.906327,98.8988,0,0.48765317,0.623657,0.46937013,0.37287468,0.47945198,0.07026198,0.2514478813173331,0.5534557993224062,3.320743763981401,5.67406365796881,841.1265763223626
1720890749.981215,98.93216666666667,0,0.48600203,0.6142237,0.47091246,0.34229195,0.4834608,0.05706909,0.2723501079919961,0.5571604507380706,2.9148277146629633,-5.420308972918185,-1453.3143982916008
1720890750.056456,98.96553333333334,0,0.486818,0.6125698,0.47326222,0.34020326,0.48198953,0.06315608,0.2727036821512242,0.5494349573493155,2.345646119097624,-7.564794817864348,-279.6008552998879
1720890750.1326258,98.9989,0,0.48390087,0.61551934,0.46621528,0.3497914,0.47748882,0.06836912,0.2663158215175576,0.5471878244505011,3.1363603669904334,10.38091878300301,2311.244915191307
1720890750.209541,99.03226666666669,0,0.48605338,0.61532074,0.4677341,0.35453755,0.475559,0.06723241,0.2614258423231091,0.5481887721861325,2.9213024160044365,-2.7960373460269516,-1680.6279103184193
1720890750.28502,99.06563333333334,0,0.48879486,0.61313546,0.4672912,0.360461,0.47519717,0.069105744,0.2535878353013248,0.5441996192939292,3.4326247251918955,6.774383828196247,1243.8703507881778
1720890750.3628569,99.099,0,0.49145895,0.6160586,0.47088403,0.36112544,0.47636014,0.07292998,0.2557620728357191,0.5433384402907554,3.0217716645750508,-5.278378040252991,-1519.0411832219097
1720890750.4382982,99.13236666666668,0,0.49129385,0.612559,0.4755539,0.35305187,0.48163494,0.07274381,0.2599840506048255,0.5399015938216446,2.4457322567947353,-7.635591460226179,-306.5197062295693
1720890750.516428,99.16573333333334,0,0.4938314,0.6201527,0.4768613,0.37050706,0.4831546,0.08160912,0.2502217716023447,0.5386494070887448,2.753124344782771,3.9343785908348177,1452.7293318098712
1720890750.588759,99.1991,0,0.48988518,0.622187,0.47489905,0.37738827,0.48129034,0.09436178,0.245257032250601,0.5278952087152929,2.570195874190972,-2.529048302504019,-876.6125198353976
1720890750.6644,99.23246666666668,0,0.48807913,0.6190516,0.47433752,0.37371436,0.48038906,0.09327257,0.2457217582367094,0.5258352435618203,2.3679074589194324,-2.6743252695007573,-18.841218563593497
1720890777.182411,110.8107,1,0.24042802,0.659412,0.23080397,0.3826333,0.22931127,0.06403506,0.2769459991882014,0.5954807439865296,0.9217261983732552,3.9108601185526903,595.8545449405642
1720890777.259488,110.84406666666668,1,0.5317041,0.6709337,0.54242057,0.3932095,0.5506059,0.09482148,0.2779309148876766,0.5764222625706493,0.3302503310818969,-7.673815970687206,-1474.4405044424268
1720890777.337023,110.87743333333334,1,0.5285758,0.664361,0.5427567,0.38369188,0.5555345,0.087820955,0.2810271418488233,0.577169996022296,0.2153546406087089,-1.4818574564796176,783.4291660048099
1720890777.4225678,110.9108,1,0.53176755,0.6608567,0.5443389,0.38228193,0.5543131,0.09284314,0.2788583056097604,0.5684608714698832,0.3107858569949244,1.1155697242024658,297.8644326126281
1720890777.49744,110.94416666666667,1,0.2396588,0.6674603,0.23244679,0.39366123,0.22939,0.07483637,0.2738940592278013,0.5927129097584563,0.5164325141070125,2.7466336658160015,213.70716292311656
1720890777.5725791,110.97753333333334,1,0.23966205,0.66677386,0.2317765,0.3919945,0.22875603,0.074260354,0.2748924749340215,0.5926138633449537,0.5895013185324713,0.9724478628898692,-231.6340666960845
1720890777.6510348,111.0109,1,0.23918433,0.6653459,0.2320975,0.3928501,0.2287124,0.073698424,0.2725879446014353,0.59174017321834,0.4761655358434333,-1.444583403002315,-302.22253803724396
1720890777.7318778,111.04426666666669,1,0.23873484,0.66587234,0.23156984,0.39267814,0.22780888,0.07266159,0.2732881350711136,0.5933113673585232,0.4468159543706752,-0.3630443168854415,131.2408264854983
1720890777.807144,111.07763333333334,0,0.23858252,0.666166,0.23120244,0.39286932,0.22772269,0.07185444,0.273396311474913,0.5944108073228999,0.4997508499887307,0.7033030749579263,138.98507751328808
1720890777.882294,111.111,1,0.23842864,0.6645139,0.23097777,0.392178,0.2270731,0.07249934,0.2724377923377513,0.5921234473868356,0.4682434287626329,-0.4192603564644477,-146.5381950985681
1720890777.957464,111.14436666666668,1,0.5350412,0.6714111,0.5439894,0.40106905,0.5554921,0.09021334,0.2704901023643322,0.5815574350941977,0.1181090197168728,-4.657898391930716,-553.1597303350245
1720890778.0328262,111.17773333333334,0,0.5287822,0.6771578,0.53969467,0.40656227,0.5522374,0.087225884,0.2708154983488385,0.5903980603867693,0.0299056913864709,-1.1703920783490829,453.9734036021211
1720890778.1084428,111.2111,0,0.5356717,0.67257816,0.5441814,0.39994243,0.5558618,0.08367036,0.2727685010516667,0.5892537737063511,0.1760049651624742,1.9321058787415333,402.4976752726575
1720890778.184195,111.24446666666668,1,0.23896101,0.66239464,0.23122187,0.39137638,0.22605698,0.072709955,0.2711287428243606,0.5898258373833959,0.3822417871577572,2.722517144985973,102.3591203191626
1720890778.2585442,111.27783333333332,0,0.539996,0.663843,0.54652953,0.3956644,0.5557672,0.086228974,0.2682581566600233,0.5778292767101133,0.1678583691074244,-2.88346773171815,-739.681631501939
1720890778.334068,111.3112,1,0.23909399,0.66427267,0.23085168,0.39159295,0.22646117,0.072633,0.2728042583376798,0.5917744918938862,0.5081866498082016,4.506235656963704,959.8687973862608
1720890778.410989,111.34456666666668,1,0.53967595,0.65647495,0.5466574,0.39201134,0.55783165,0.09002296,0.2645557369880043,0.5667428516303142,0.3235274386351731,-2.4006349938315656,-880.8571555450222
1720890778.494588,111.37793333333336,1,0.5416358,0.6483874,0.547957,0.3888902,0.5568388,0.09190447,0.2595741444395705,0.556690543784845,0.1700605990738391,-1.835752951153356,66.28670963360754
1720890778.571431,111.4113,1,0.5435799,0.64524186,0.5485518,0.38713083,0.5571916,0.09566915,0.2581589117965284,0.5497412470652804,0.3143972837049226,1.87833167452643,474.1506595282238
1720890778.647454,111.44466666666668,1,0.54129875,0.65288806,0.5478404,0.3880381,0.55650854,0.09612301,0.2649307365633566,0.5569727924985334,0.150365396412224,-2.157658440586942,-520.8030465524064
1720890778.72249,111.47803333333334,1,0.5307513,0.6431716,0.5396639,0.3855594,0.552547,0.09800595,0.2577663277281892,0.5456011792185039,0.3080404123723465,2.1013235410760074,556.807212781552
1720890778.7981708,111.5114,1,0.54161114,0.6434462,0.5473388,0.38514888,0.5565464,0.09534803,0.2583608206344213,0.5483016558738056,0.2905622740815712,-0.2309456801087227,-302.3168544408701
1720890778.8735738,111.54476666666667,1,0.239894,0.66411555,0.23111005,0.39288783,0.22877999,0.075054064,0.2713699181707938,0.5891663352041299,0.7739031006012059,6.410102863865232,864.0068398520419
1720890778.95026,111.57813333333334,1,0.24148235,0.6575143,0.2313734,0.38359672,0.23017737,0.064052925,0.2741040280716052,0.593569000403466,1.0223008827808535,3.2391481645516813,-405.641280528091
1720890779.025103,111.6115,1,0.24119468,0.6638124,0.23229854,0.38770372,0.23258205,0.07218647,0.276251960551484,0.5916886150371627,1.0113328227156246,-0.1465472443299322,-443.7769369455097
1720890779.1018822,111.64486666666669,1,0.24153988,0.66334254,0.23198633,0.3883269,0.23221605,0.073895246,0.2751815090103474,0.589520997177507,1.0833693170341965,0.9382301807765092,138.60103571544113
1720890779.176339,111.67823333333334,1,0.24145885,0.6641076,0.232162,0.38754904,0.23343742,0.072944835,0.2767147962822751,0.5912172192711066,1.1478172660839163,0.8655763174798013,-9.572469341116356
1720890779.25311,111.7116,1,0.24140349,0.66289157,0.23265497,0.3868027,0.2343295,0.07323246,0.2762274373592228,0.589701525634781,1.1275498529976522,-0.2639982229166085,-144.3399620446598
1720890779.328879,111.74496666666668,1,0.2416955,0.6662195,0.23236398,0.38666546,0.23442748,0.07038413,0.2797097089155508,0.5958796541305404,1.2129818324101405,1.1275293282160015,180.1640745226707
1720890779.4022772,111.77833333333334,1,0.24090528,0.66397965,0.23339343,0.3846121,0.23503788,0.06839744,0.2794685103817511,0.5956110879951262,0.9759015840107924,-3.230059165001524,-582.4120161295475
1720890779.4753542,111.8117,0,0.24097109,0.66631657,0.23221545,0.38782763,0.23504262,0.07157837,0.2786265378611574,0.5947677327799612,1.2298032442527596,3.4744418533982055,900.0258345201896
1720890779.547607,111.84506666666668,1,0.24083228,0.6652743,0.23241444,0.38559994,0.23520605,0.06727083,0.279801035573917,0.5980299728762217,1.1849372039809445,-0.6209596178064182,-556.046492512989
1720890779.631636,111.87843333333332,1,0.24058667,0.6640621,0.2328409,0.3863338,0.23515764,0.070005484,0.2778362822008846,0.5940814134787908,1.073920643715288,-1.3211702396940337,-81.74641528398705
1720890779.707616,111.9118,0,0.24096934,0.66515416,0.23193112,0.3874656,0.23470947,0.07024286,0.2778356122901644,0.5949442107190568,1.2613659806058168,2.467029177182704,489.10430481701934
1720890779.784087,111.94516666666668,0,0.24146974,0.6642454,0.23318501,0.38661778,0.23611078,0.07079135,0.2777512324580011,0.5934782585030282,1.1921185911489969,-0.9055396629948642,-432.64720479625765
1720890779.858654,111.97853333333336,0,0.24141482,0.6648586,0.23367119,0.3868782,0.23664458,0.070392564,0.278088222387105,0.5944851694274231,1.1358587344312496,-0.7544865249080699,19.872459719382267
1720890779.932074,112.0119,0,0.24093072,0.6649525,0.23396449,0.3858001,0.23699264,0.07025322,0.2792393305975474,0.5947123023438903,1.0502091588939753,-1.1665693247332063,-55.060332833050346
1720890780.007444,112.04526666666668,1,0.24130993,0.6664035,0.23393385,0.38594902,0.23688169,0.07076202,0.2805514370338759,0.5956578946140196,1.080468680236325,0.401480531071045,204.09450419878308
1720890780.083248,112.07863333333334,1,0.24138722,0.6680004,0.23439486,0.3867625,0.23660746,0.07185243,0.2813248115067731,0.5961671155637848,0.9647751039932482,-1.5262152365830746,-249.4675375611803
1720890780.1593962,112.112,1,0.2413003,0.6668388,0.2357574,0.38405508,0.2374634,0.06856584,0.2828380653217113,0.5982852827151985,0.7557253014275197,-2.7453079736891968,-157.0532981291241
1720890780.235447,112.14536666666667,1,0.2415257,0.666094,0.23635313,0.3833928,0.23725274,0.069354184,0.2827485113764525,0.5967551266190418,0.6382664610941303,-1.544479540553315,154.8982177537045
1720890780.311648,112.17873333333334,0,0.24159817,0.6689312,0.23530641,0.38435283,0.23781493,0.06654735,0.2846478971641922,0.6023957321132045,0.9068911161702424,3.5252134328849465,652.664831527048
1720890780.3867252,112.2121,0,0.24161895,0.6671909,0.23630306,0.3824262,0.2375907,0.06574673,0.2848143202789501,0.60145767446272,0.6858631178060597,-2.944005873828222,-845.3027129232355
1720890780.46075,112.24546666666669,1,0.24164486,0.66764426,0.23613119,0.38455653,0.23812911,0.06786668,0.2831414198644738,0.5997878834548827,0.7799534950370491,1.271063618882348,558.5934321594546
1720890780.535056,112.27883333333334,1,0.24209063,0.6698134,0.23657203,0.3853058,0.2394093,0.06708692,0.2845611196271378,0.6027324236466595,0.8564947141674153,1.0300844236634397,-31.8145659026122
1720890780.622059,112.3122,1,0.24175458,0.66727346,0.23690987,0.38502747,0.23996806,0.06987105,0.2822875699149466,0.5974050650736243,0.8119781793038029,-0.5116653063005633,-173.8391168771775
1720890780.695213,112.34556666666668,1,0.24196248,0.6664615,0.23632006,0.38484907,0.23916622,0.070301056,0.2816689761471452,0.5961670292718189,0.8790736791100819,0.91718190274574,191.6094316908452
1720890780.768455,112.37893333333334,1,0.2423433,0.66753006,0.23730178,0.38592732,0.24036789,0.07185828,0.2816478657997827,0.595675048470574,0.8357641097223539,-0.5913219122497961,-202.04845188725443
1720890780.840289,112.4123,1,0.24251139,0.6671391,0.23782358,0.38415235,0.24041393,0.068723276,0.2830255854727393,0.5984195273939336,0.7479972777449531,-1.2217992207947732,-86.10093930492418
1720890780.9138508,112.44566666666668,1,0.2427069,0.66877276,0.23799297,0.38578814,0.24107966,0.07081689,0.2830238736202345,0.5979580966708813,0.7984148110166861,0.6853777839883418,254.3363524085147
1720890780.990168,112.47903333333332,1,0.24276316,0.6689872,0.23806068,0.3863724,0.24187131,0.07016707,0.2826539471401049,0.598820814033586,0.8680862447746418,0.9129178354651658,29.248513806900675
1720890781.06723,112.5124,1,0.24309587,0.6679211,0.23816006,0.38833356,0.24182999,0.07404925,0.2796311317028891,0.5938732406608185,0.8893289048669992,0.2756571330328633,-81.12346277323498
1720890781.1419148,112.54576666666668,1,0.51184434,0.6530267,0.502253,0.3863141,0.5004512,0.08869852,0.2668850089399783,0.5644431889676033,0.90315903755892,0.1851798745103884,-11.884362185933435
1720890781.215093,112.57913333333336,1,0.5167803,0.6546278,0.50742793,0.38654295,0.506892,0.08988789,0.2682479375647921,0.5648265052368925,0.9949089598472256,1.253790154964892,143.25424680629095
1720890781.2935328,112.6125,1,0.24277961,0.6651676,0.2407736,0.3826539,0.24494036,0.067034766,0.2825208594955195,0.5981367515469742,0.6138376058426029,-4.85812840808084,-764.3798903833266
1720890781.367118,112.64586666666668,1,0.24259797,0.6634492,0.24196586,0.38258997,0.24557717,0.06776218,0.2808599730666518,0.5956944816322177,0.4153371090551748,-2.697557430128717,288.03591758337217
1720890781.442965,112.67923333333334,1,0.24267586,0.66364664,0.24240029,0.38215128,0.2468724,0.064863205,0.281495497402101,0.5987981388606443,0.458166868631833,0.5646869372461005,421.9369918011968
1720890781.530209,112.7126,1,0.2428979,0.6643038,0.2432731,0.38133764,0.24712448,0.064635806,0.2829663856763243,0.5996828610741047,0.328606878903752,-1.4850297959064316,-230.47674750133237
1720890781.605331,112.74596666666667,1,0.24166098,0.6618641,0.24282885,0.38077375,0.24799807,0.065398134,0.2810927750463902,0.5964996081826921,0.370564476892148,0.5585269993815022,266.8635592518185
1720890781.681084,112.77933333333334,0,0.48932958,0.63808113,0.48005453,0.37693474,0.48541766,0.08626858,0.2613110538904991,0.5518263955653646,1.6278908238470875,16.597716075354597,2077.072852036665
1720890781.7595131,112.8127,1,0.4751892,0.6247333,0.46479338,0.37443238,0.47006997,0.08974213,0.2505167373020816,0.53501569669285,1.8301050218769528,2.5783017171094467,-1753.561378778822
1720890781.834732,112.84606666666669,1,0.49041486,0.6320978,0.48195425,0.3757474,0.48690802,0.08825151,0.2564899476548598,0.5438575558952471,1.520835624376302,-4.111590730051158,-872.491235576682
1720890781.911774,112.87943333333334,1,0.2431761,0.658261,0.24545689,0.37958434,0.24892676,0.065572605,0.2786859920877604,0.5927162793569652,0.0873218338312675,-18.606945740469833,-1845.7423605804452
1720890781.9856498,112.9128,1,0.50234336,0.64592505,0.49483997,0.38202295,0.49574456,0.090682425,0.2640087463769814,0.5552818085115436,0.9475758256263236,11.64458157866497,4017.1079688754858
1720890782.060883,112.94616666666668,0,0.5169438,0.6577144,0.5137609,0.38630575,0.5105145,0.090505,0.271427339783608,0.5672458595348272,0.0207930531329879,-12.318796929180664,-3124.693318567221
1720890798.1941938,120.0199,1,0.24284156,0.66634345,0.23879473,0.3827582,0.24282451,0.06607469,0.2836141234935503,0.6002687814272065,0.8156691775172124,1.9577301589460572,404.6700771334053
1720890798.271627,120.05326666666669,1,0.2424535,0.6647104,0.23890933,0.38352737,0.24299403,0.06538088,0.2812053694883029,0.5993297749375807,0.7738858411866626,-0.5396055604276465,-316.3874424488997
1720890798.3541088,120.08663333333332,1,0.24253115,0.6637219,0.23813502,0.38241997,0.24273202,0.06449814,0.2813362941991831,0.5992238262196793,0.9145423738086426,1.7053026049778326,266.998692864797
1720890798.429139,120.12,1,0.24230406,0.66264045,0.23870485,0.38221157,0.24329989,0.06321682,0.2804519828047376,0.5994244741182286,0.8306327888278737,-1.1183458095614496,-369.1851033127386
1720890798.50444,120.15336666666668,1,0.2422998,0.66344506,0.23870261,0.38112682,0.24346106,0.062449604,0.2823411504535337,0.6009965433225523,0.84056390102743,0.1318852303823739,162.87617370334883
1720890798.578349,120.18673333333334,1,0.24212818,0.6621295,0.23914376,0.38243753,0.24401033,0.06439485,0.2797079161797952,0.5977376529692988,0.7916805790540251,-0.6613983776821705,-105.29309737969076
1720890798.6549308,120.2201,1,0.24248782,0.6639925,0.2386051,0.38270596,0.2441392,0.06216187,0.2813133636186546,0.6018329269168439,0.9480359987595602,2.0416807924254603,346.26028062167495
1720890798.73089,120.25346666666668,1,0.242944,0.66440016,0.23861408,0.38268754,0.24462268,0.059609413,0.2817458948948056,0.6047930768522107,1.039784229385876,1.2078619025627415,-107.68626714808887
1720890798.804754,120.28683333333332,1,0.24233231,0.6638569,0.23886795,0.38122517,0.24425252,0.06095727,0.2826529862335957,0.6029027284817282,0.8845900093948006,-2.101081113739633,-439.4662947179279
1720890798.880175,120.3202,1,0.24244842,0.6637414,0.23860621,0.38323295,0.24397139,0.06478967,0.2805347712708603,0.5989536932065961,0.9304185749595488,0.6076359091433122,352.32203976465286
1720890798.954856,120.35356666666668,1,0.242184,0.6642281,0.23917857,0.38249716,0.24554336,0.064120084,0.2817469501825675,0.6001174301218497,0.9319531173755552,0.0205480164784958,-77.11931079388104
1720890799.0280051,120.38693333333336,1,0.24236384,0.6669296,0.23798604,0.38261265,0.24410796,0.06357545,0.2843506587731318,0.6033566768856605,1.047588386332245,1.5808137646299651,209.2463909270409
1720890799.102038,120.4203,1,0.24238956,0.66675526,0.23859134,0.38170093,0.24432978,0.06245119,0.2850796296708285,0.6043071899364946,0.9474107226601136,-1.35315273754227,-388.776566574489
1720890799.176533,120.45366666666668,1,0.24204543,0.6655852,0.23812766,0.38210255,0.24420309,0.06588707,0.2835097415356519,0.5997020078309824,0.9978740874422616,0.6774053632018111,267.3971990483052
1720890799.260118,120.48703333333334,1,0.24243367,0.6640466,0.23873596,0.38218048,0.2441036,0.064657934,0.2818903568734457,0.5993909852502457,0.9112481770992976,-1.036380757243362,-201.13940346183185
1720890799.334543,120.5204,1,0.24191253,0.6675834,0.238149,0.3814802,0.24349669,0.062440787,0.2861279712598353,0.60514466690351,0.9037050931169166,-0.1013515055360412,123.24674731540826
1720890799.407776,120.55376666666668,1,0.24241129,0.664692,0.23755579,0.38299316,0.24396953,0.06658035,0.2817406657423437,0.5981136593086417,1.136846387537597,3.183549604944092,440.03145779141727
1720890799.481119,120.58713333333334,1,0.24173255,0.66191053,0.23875694,0.3824524,0.24416828,0.067047395,0.2794739767751049,0.5948681033929644,0.8445464348876717,-3.985393959467763,-958.8853470588954
1720890799.557812,120.6205,1,0.24253683,0.66446984,0.23804502,0.38112077,0.24329956,0.064944774,0.2833846680322202,0.599525579214726,0.9811114497254456,1.7806698334156137,737.5515760229844
1720890799.631662,120.65386666666669,1,0.24246666,0.66472846,0.23766759,0.38274953,0.24244559,0.065220304,0.2820197702981199,0.5995081666834374,0.9731051179645854,-0.1084132020335833,-250.93927844423865
1720890799.708245,120.68723333333334,1,0.24211004,0.6654695,0.23743339,0.3833392,0.2423416,0.06659978,0.2821690887735001,0.5988697857264761,0.9718824351749,-0.0159654786107249,11.842226718698694
1720890799.7825952,120.7206,1,0.24232304,0.6652948,0.23776913,0.3826325,0.24327183,0.06751306,0.2826990132593294,0.597782530328655,1.0139534150416187,0.5658495324274316,76.7665924804245
1720890799.856089,120.75396666666668,1,0.24207112,0.6653217,0.23757307,0.38342965,0.2429243,0.06569695,0.2819279458245283,0.599625359975675,0.995793251987574,-0.247097362381372,-108.51244520279074
1720890799.9324212,120.78733333333334,1,0.24220006,0.6650372,0.23846182,0.38292435,0.24386124,0.06906181,0.2821376330051661,0.5959777141451515,0.9188167881784092,-1.0084416855966862,-97.84597260665728
1720890800.008511,120.8207,1,0.24210456,0.66427743,0.23754323,0.38263762,0.24362883,0.06714257,0.2816767488058166,0.5971368336236852,1.074138535689299,2.041293669540756,393.1917370282224
1720890800.083999,120.85406666666668,1,0.2419656,0.6634173,0.23773193,0.38213035,0.24399574,0.06655831,0.2813187839594275,0.5968624308734422,1.0572423835274063,-0.2238261083423108,-294.36292600576195
1720890800.162739,120.88743333333332,1,0.24201997,0.66385823,0.23883784,0.38075104,0.24516125,0.065502696,0.283125074337406,0.5983637772894675,0.944808564237651,-1.42791018586053,-150.01329449767542
1720890800.2402408,120.9208,1,0.24249549,0.66537154,0.23848966,0.38211468,0.24526668,0.065339535,0.2832851825395194,0.6000383711062777,1.0749422992182671,1.6791065357931587,393.2791797077723
1720890800.313631,120.95416666666668,1,0.24138448,0.6646757,0.238718,0.38148627,0.24591677,0.06527621,0.283201999031568,0.5994166420127613,0.9727279528258126,-1.3927511181214358,-410.61211071320514
1720890800.39001,120.98753333333336,1,0.2416991,0.66383195,0.23895283,0.381958,0.24680915,0.06566145,0.281887319414165,0.5981923455842307,1.0477521834155945,0.9822617594110464,305.04271853128125
1720890800.465312,121.0209,1,0.24223773,0.6634857,0.2391119,0.38191146,0.24746326,0.06408077,0.2815915990811365,0.5994277083130322,1.1355484675583083,1.1659241124906077,23.92672732214091
1720890800.5397031,121.05426666666668,1,0.24224782,0.664052,0.23992944,0.38236538,0.24924731,0.0669931,0.2816961742234851,0.5970999193704192,1.1432846010695268,0.1039926918893969,-140.0374978528688
1720890800.615507,121.08763333333334,1,0.24287674,0.6638007,0.23953572,0.3825001,0.24903627,0.067174315,0.2813204443565288,0.5966581953734158,1.2720498542844154,1.6986658550569291,206.37161545598832
1720890800.690662,121.121,1,0.2429115,0.66585743,0.2406086,0.38209182,0.25021428,0.06629035,0.2837749584716587,0.5996115282584353,1.1629431883209322,-1.4517548702896088,-411.2250574118581
1720890800.766614,121.15436666666668,1,0.2429597,0.6646296,0.24150018,0.3826276,0.25096792,0.066336736,0.2820057490384707,0.5983464207804201,1.0633649308999384,-1.311067356258684,18.17126011551184
1720890800.840877,121.18773333333334,1,0.24294946,0.66450936,0.2407294,0.38082582,0.24983105,0.065111205,0.2836922251311423,0.599437638084098,1.106060780914026,0.5749268801968884,249.13590318906537
1720890800.916588,121.2211,0,0.48793855,0.6452985,0.48879814,0.39185172,0.4786234,0.08392896,0.2534482154764377,0.5614468192082197,1.1449546063342912,0.513714246462882,-7.931421360872214
1720890800.990363,121.25446666666669,1,0.24329023,0.66581696,0.24204402,0.38163835,0.25160167,0.06410809,0.2841813471261086,0.6017662894115346,1.0427355962064284,-1.3855542799283065,-252.54992972160952
1720890801.0667882,121.28783333333334,1,0.24329989,0.6641008,0.24126518,0.38200235,0.25094557,0.06642121,0.282105809957289,0.5977285158472535,1.1461271756640168,1.3528446808316952,351.50256396429893
1720890801.1424031,121.3212,1,0.24294114,0.6631085,0.24242909,0.37902862,0.25275525,0.064501315,0.284080370803176,0.5986876278705642,1.0424654812559897,-1.3709157107707552,-353.37055426213516
1720890801.229881,121.35456666666668,1,0.24307218,0.6616857,0.24283203,0.37944645,0.25360936,0.06531218,0.2822393604555386,0.5964666401740679,1.0610537167367158,0.2124905914811363,177.5672694538502
1720890801.307063,121.38793333333334,1,0.24324211,0.65939164,0.24356142,0.37789404,0.25369883,0.06550437,0.2814977787861499,0.593979319233059,0.9437168240728858,-1.5202613275078312,-220.23638047822888
1720890801.386014,121.4213,1,0.24344787,0.659988,0.24401546,0.3772641,0.2547484,0.063408785,0.2827244435839015,0.5966862130674868,0.9702551280262064,0.3361368903698339,230.66577681888415
1720890801.462562,121.45466666666668,1,0.24390893,0.66016483,0.24301183,0.37896174,0.2537622,0.06574531,0.2812045220973362,0.5945011985038792,1.1323693975826203,2.117809202025581,228.32971017488848
1720890801.537427,121.48803333333332,1,0.24406198,0.6599426,0.24350981,0.37875244,0.2545443,0.06643323,0.2811907288687751,0.5936019359025366,1.1242353769683828,-0.108649373573686,-291.7464529782989
1720890801.612763,121.5214,1,0.24404493,0.6607843,0.24405971,0.3774149,0.25527126,0.063327365,0.2833693925421509,0.5975623951325183,1.0736001049708417,-0.6721260194579907,-73.37404963238662
1720890801.689288,121.55476666666668,1,0.24463494,0.6629566,0.2440569,0.37796214,0.25528866,0.06240866,0.2849950394078248,0.6006424007877652,1.132343121305595,0.7676319781191366,184.567539433173
1720890801.764536,121.58813333333336,1,0.24469185,0.6621068,0.24448514,0.3779369,0.25515842,0.062892996,0.2841699875196275,0.5993052423830196,1.0422221497387003,-1.1976488733925386,-256.2107072317156
1720890801.840003,121.6215,1,0.24489002,0.6644597,0.24486125,0.37848344,0.25591093,0.06390353,0.2859762623480848,0.6006573096455007,1.0571335205274264,0.1975882998652166,181.36801540656572
1720890801.9156191,121.65486666666668,1,0.24462715,0.66360027,0.2456392,0.37638962,0.25700858,0.06247694,0.2872124264014472,0.6012508306593338,0.9779148755747896,-1.0476422699149777,-161.54904114101447
1720890801.990608,121.68823333333334,1,0.24448209,0.66461456,0.24530825,0.37511566,0.0,0.0,0.2895000742494762,0.7081553508496361,20.35983248441524,258.4640206355911,33949.176235400664
1720890802.0678148,121.7216,0,0.48792115,0.6346809,0.4873469,0.39185852,0.4783125,0.097095214,0.242823087722162,0.5376715996721634,0.8884792466408155,-252.19722375269112,-64885.26347186563
1720890802.154952,121.75496666666668,0,0.48738447,0.6350009,0.48414436,0.39219818,0.475706,0.09794797,0.2428243273775939,0.5371798910445172,0.4817459648472991,-4.66773292864089,27867.13004118236
1720890802.229193,121.78833333333334,0,0.4813291,0.6298084,0.4810292,0.3902787,0.47443652,0.087117955,0.2395299166332521,0.542734224791654,0.6555562852354546,2.3411659437081016,926.1374350714692
1720890802.304364,121.8217,0,0.48445,0.64176,0.4844715,0.39486063,0.47436833,0.08672517,0.2468993673138039,0.5551263707575214,1.0458743003868023,5.19240195445894,372.09332815326826
1720890802.396147,121.85506666666666,0,0.4844262,0.64132386,0.48319903,0.39531416,0.47429052,0.08594833,0.2460127681784664,0.5554679975036847,0.759750928028423,-3.117388042518665,-888.1709943329274
1720890802.476274,121.88843333333334,1,0.24445458,0.6602704,0.24704473,0.37491745,0.2576278,0.06093981,0.2853647004841171,0.5994753592785185,0.7391895575694255,-0.2566097601491776,350.2469163552168
1720890802.558126,121.9218,0,0.48894557,0.6388699,0.48657376,0.39362514,0.47721997,0.09891366,0.2452562103672186,0.540083512733299,0.6902153443480022,-0.5983267069355818,-40.95495428051731
1720890802.6388,121.95516666666668,1,0.24539427,0.66487724,0.24704993,0.37822405,0.2570286,0.06387954,0.2866579721766549,0.6011102867116221,0.7781406640913893,1.08988512697887,205.2875999576164
1720890802.711448,121.98853333333334,1,0.24517703,0.6652895,0.2464602,0.37907273,0.25736457,0.064302996,0.2862196717849121,0.6011101045457805,0.9049027794527906,1.7448798440106172,88.44694820464998
1720890802.7858438,122.0219,1,0.24495491,0.6661435,0.24582048,0.378406,0.25668687,0.06239889,0.2877387906258562,0.6038585432154775,0.9410737978929604,0.4861964284197756,-165.9726562364368
1720890802.861766,122.05526666666668,1,0.24468258,0.665841,0.24655464,0.37495273,0.2566877,0.059227243,0.2908942738066788,0.6067325365827623,0.7652188735038373,-2.316257419875006,-362.1093726098967
1720890802.937678,122.08863333333332,1,0.4909255,0.6502543,0.4917802,0.40036032,0.48090965,0.11134919,0.2498954547816985,0.538998210668737,1.2606410554659766,6.5262492642644245,1142.701016440435
1720890803.013682,122.122,1,0.48811784,0.6506667,0.48456278,0.40186378,0.47522068,0.11288611,0.2488283273307208,0.537935211878838,0.5551182740311518,-9.282731589398468,-2040.5048534414725
1720890803.109271,122.15536666666668,1,0.4885838,0.6450064,0.484967,0.39793104,0.47505856,0.111364536,0.2471018497896496,0.5338132471675132,0.6132120566606404,0.6077444562841259,1015.0269034181724
1720890803.185445,122.18873333333336,1,0.48882383,0.64956,0.48664588,0.4003555,0.4770411,0.11049796,0.2492140036759883,0.5391907804055163,0.7513350025572194,1.813255287110067,155.25058453383954
1720890803.2588532,122.2221,1,0.49031228,0.64902294,0.4860753,0.4007797,0.4761033,0.111865275,0.2482793977196775,0.5373455508031126,0.5377565645419512,-2.909465848472184,-631.1275922717376
1720890803.334026,122.25546666666668,1,0.4892977,0.647434,0.48428854,0.39662746,0.4751585,0.11231217,0.2508565569436723,0.5353085610446444,0.3693688933262938,-2.2400049569947056,87.36407993590733
1720890803.410683,122.28883333333334,1,0.49038658,0.64331555,0.4850474,0.39564914,0.47596747,0.113591515,0.2477239626543901,0.5299202694879436,0.3248482647083328,-0.5807784558905088,212.33612766243297
1720890803.488495,122.3222,1,0.49128294,0.6429136,0.48326048,0.39325804,0.47291523,0.107276894,0.2497844087417146,0.5359514977169428,0.1234434051117464,-2.58834569634707,-253.0995902810482
1720890803.563721,122.35556666666668,1,0.49187905,0.64626086,0.4816672,0.3980993,0.47190627,0.11050169,0.2483715745346233,0.536131308037959,0.2224885184264884,1.3166370276257466,509.2383890266027
1720890803.638293,122.38893333333334,1,0.4914593,0.6418498,0.47987184,0.39731225,0.46966034,0.10508819,0.2448119457302825,0.5372041090758091,0.3876605833892106,2.2149315257511892,118.17114767467312
1720890803.71163,122.4223,1,0.49174863,0.6378391,0.4793194,0.3933414,0.46814114,0.1027185,0.2448134079380434,0.5356410898330463,0.3840094992459847,-0.0497849687783047,-302.94183227086927
1720890803.788071,122.45566666666669,1,0.4905128,0.6420093,0.4798355,0.39582512,0.4686009,0.10300575,0.2464156338787706,0.5394487546475171,0.1553656420730051,-2.991122853245181,-377.47538533141545
1720890803.86404,122.48903333333334,1,0.4921709,0.6456313,0.48239413,0.3998185,0.4714098,0.10945892,0.246007153596039,0.5365741842054413,0.0547585821050463,-1.324317621782309,215.2373133190522
1720890803.939394,122.5224,1,0.4906489,0.64426464,0.4816245,0.39902046,0.46999973,0.10891586,0.245410156536678,0.5357468588494999,0.1037435450995406,0.650063678905959,257.03552622142035
1720890804.02065,122.55576666666668,1,0.48658282,0.64243984,0.476267,0.40204468,0.4672348,0.12034253,0.2406163919832019,0.5224556687912204,0.3348960779452277,2.844747230510653,264.9634334836922
1720890804.0967948,122.58913333333334,1,0.48577127,0.6416776,0.4757277,0.40242344,0.47063392,0.11685895,0.239464891279061,0.525036916660433,0.7516751803010226,5.473497475154035,338.6704623233707
1720890804.1706188,122.6225,1,0.48513594,0.6382878,0.47606397,0.40129417,0.47331053,0.114706464,0.2371671822481357,0.5237148511596802,0.8983856961432405,1.9873030081355043,-463.2585702504719
1720890804.244114,122.65586666666668,1,0.48744813,0.6394467,0.47865495,0.3976081,0.4750661,0.113094755,0.2419983801657981,0.5264975475125276,0.734528300326473,-2.2294994524245726,-562.8511861835838
1720890804.319045,122.68923333333332,1,0.48457122,0.63304263,0.47307158,0.3930955,0.46837854,0.11202378,0.2402225465997198,0.5212704269632241,0.9638331201491254,3.060207083406824,692.5294056873578
1720890804.395519,122.7226,1,0.48288184,0.6346705,0.46918592,0.3993629,0.4616478,0.12673204,0.2357058482725138,0.5083820883750524,0.937224126778398,-0.3479484570180201,-437.194695263531
1720890804.472686,122.75596666666668,1,0.25086305,0.6686174,0.24783406,0.38737214,0.2607061,0.058883645,0.2812616017414254,0.6098132043343216,1.5418819032931463,7.835700609484323,1040.3613178549451
1720890804.549118,122.78933333333336,1,0.4841484,0.6376506,0.47580305,0.39806348,0.4685091,0.11447771,0.2397324281502873,0.5234066171105117,0.282169707236211,-16.481478520958603,-3121.0953463364153
1720890804.625205,122.8227,0,0.4840334,0.63549995,0.47378302,0.39455578,0.4684898,0.111830965,0.2411621174115212,0.5238996373532883,0.7359097520245721,5.963437338831587,2893.8534889432644
1720890804.6991382,122.85606666666668,1,0.48665422,0.63590384,0.47711843,0.39688212,0.4696733,0.11946954,0.2392118583951545,0.51671341185456,0.401718653896826,-4.520180909395088,-1391.0448889029578
1720890804.7747571,122.88943333333334,1,0.4897278,0.63649434,0.47438496,0.3976398,0.46739691,0.12076217,0.2393467939547715,0.5162153993309959,1.1959368732640827,10.502894842702036,1948.933569537276
1720890804.848619,122.9228,1,0.4916153,0.6374896,0.47695932,0.39515176,0.4701174,0.117227525,0.2427806263591348,0.5207060933758646,1.0948521779365084,-1.3685645917231055,-1576.7143246300282
1720890804.925799,122.95616666666668,1,0.4904112,0.63023174,0.47317296,0.39320323,0.46471992,0.114047244,0.237654519870569,0.5168234597252631,1.3102447548254028,2.790785586178618,528.6767748857334
1720890805.007803,122.98953333333334,1,0.24940982,0.66356635,0.24893084,0.38392422,0.25728998,0.05954645,0.2796425451157094,0.604071281038431,0.8453292967320662,-5.669419292172449,-1012.0791513303602
1720890805.0825331,123.0229,1,0.4899599,0.63788074,0.47607628,0.39417657,0.46586028,0.11419226,0.2440993186964106,0.5242427219897962,0.6259892610000906,-2.935093970574266,358.94118486862334
