timestamp,frame_time,index,right_ankle_x,right_ankle_y,right_knee_x,right_knee_y,right_hip_x,right_hip_y,magnitude1,magnitude2,angle_deg,angular_velocity,linear_acceleration
1721580030.654273,0.0,1,0.30503052,0.48130214,0.30135942,0.28569463,0.29915112,0.08103079,0.19564195936036888,0.4003145336963752,0.2330233373753111,,
1721580030.7552361,0.03336666666666667,1,0.3051228,0.48003685,0.30123985,0.2843839,0.29949665,0.07813792,0.19569148855465565,0.4019382985013006,0.3352521926348308,1.012536653199576,
1721580030.831838,0.06673333333333334,1,0.3050799,0.48003578,0.30146173,0.28393558,0.2999676,0.07900485,0.19613358127760488,0.40106351236082105,0.3261049860482677,-0.11941251132103897,-14.777067856072762
1721580030.91628,0.10010000000000001,1,0.3053015,0.48053482,0.3016337,0.2831927,0.300208,0.07803254,0.1973762095067181,0.40253452494385705,0.33989691042798365,0.16332988004139204,3.348356588422168
1721580030.991504,0.13346666666666668,1,0.3051928,0.4809437,0.30160198,0.28317735,0.29987842,0.07783854,0.19779896001746938,0.40314019935951734,0.28479804845274775,-0.7324646199769892,-11.908372596304092
1721580031.0682182,0.16683333333333333,1,0.3091424,0.48113894,0.30088782,0.27958485,0.3011952,0.07120407,0.2017230510531308,0.41001190541052324,1.2346538037894537,12.381733742014362,170.94860082263583
1721580031.139859,0.20020000000000002,1,0.3052278,0.47966263,0.30240718,0.28112364,0.30050555,0.0760042,0.19855902379776164,0.4036860406821111,0.14388488428317317,-15.225541685089905,-385.357260653698
1721580031.211672,0.23356666666666667,1,0.30520558,0.47978833,0.30236626,0.28309876,0.30040216,0.07807167,0.19671006849901887,0.4017453663038915,0.14185985129164316,-0.02819865466327455,211.6235289532431
1721580031.286332,0.26693333333333336,1,0.30949065,0.47702214,0.29980978,0.28778055,0.29661328,0.06983117,0.18948904417458812,0.4073945505008927,1.1172057915374451,13.063865987611939,175.35622073203393
1721580031.379091,0.3003,1,0.3098968,0.47822157,0.3000664,0.2893134,0.2967177,0.068883814,0.18916376315686845,0.40954986200209165,1.1346582412350628,0.18814804805561183,-138.80808938660581
1721580031.459266,0.33366666666666667,1,0.30976993,0.47815305,0.29949313,0.28910917,0.29634267,0.06695971,0.18932300674675842,0.41141251189228645,1.2412743903841148,1.3297942203785724,14.23944209005312
1721580031.5393548,0.3670333333333334,1,0.31017834,0.47649553,0.29946917,0.2883096,0.29568344,0.06815398,0.18849039920520494,0.40859873838253563,1.2242443933101481,-0.21263879127084,-19.259022170634942
1721580031.615499,0.40040000000000003,1,0.3098033,0.4773619,0.29908046,0.28937772,0.29542848,0.06748696,0.18828974225811385,0.4101269100501122,1.2561980942865332,0.4196471068849359,8.303793919875142
1721580031.6937401,0.4337666666666667,1,0.30976814,0.48116937,0.30103958,0.28278157,0.30081296,0.07284215,0.19857972622642472,0.40842540981285863,1.2629937816576435,0.08685571286387012,-4.253408402149309
1721580031.766443,0.46713333333333334,1,0.30943197,0.48040473,0.3003547,0.28144827,0.30070108,0.070541084,0.19916342512241023,0.4099566326549559,1.3920719670631998,1.7754204112287293,23.2255529603084
1721580031.8403609,0.5005000000000001,1,0.30919397,0.48028234,0.30073106,0.2816474,0.3007124,0.07074115,0.19881512320328354,0.4096290064595937,1.253308505911965,-1.8772655262341176,-49.41546810428588
1721580031.9144142,0.5338666666666667,1,0.3091776,0.4800704,0.3006493,0.2816572,0.3009354,0.07096009,0.19859642330175642,0.40919332600424424,1.3070389426187798,0.7255645024859466,35.148068591897925
1721580031.987535,0.5672333333333334,1,0.30893275,0.48073316,0.30001748,0.28163666,0.30064052,0.07006046,0.19929600797407399,0.4107564034891775,1.407190317546314,1.3696695125192997,8.808775673244186
1721580032.066672,0.6006,1,0.30931616,0.48042208,0.29997236,0.2839171,0.3002959,0.07299243,0.19672700360138126,0.4075294751980118,1.454222484658327,0.5943125906351856,-9.797642958156894
1721580032.139986,0.6339666666666667,1,0.3093136,0.48078918,0.29962626,0.2838796,0.30052406,0.07408336,0.19714772589114685,0.4068007931750182,1.5785060480340183,1.6952239082179106,15.016395858818324
1721580032.2130811,0.6673333333333333,1,0.31025606,0.47638622,0.29849702,0.28904933,0.295273,0.0699063,0.18770558369159743,0.4067559727736213,1.4807044997306553,-1.3380044727039284,-41.49702341947855
1721580032.289233,0.7007000000000001,1,0.31060007,0.47667253,0.29884696,0.29007605,0.29508218,0.070359804,0.18696626195268307,0.4066089554402009,1.4169655623583068,-0.8369979085314859,6.579046712422926
1721580032.3610969,0.7340666666666668,1,0.31158713,0.4775032,0.29876903,0.29109752,0.29477203,0.071945585,0.18684588395863916,0.4059060737333622,1.5595630613026756,1.984271927822605,39.2585184069329
1721580032.436437,0.7674333333333334,1,0.31132793,0.47835106,0.29964045,0.29144827,0.29463035,0.07160729,0.18726785827334022,0.4070863540219308,1.2274116541976763,-4.408697418112485,-84.85487896965792
1721580032.5099552,0.8008000000000001,1,0.3113827,0.47927397,0.29914165,0.29269087,0.29435065,0.072500385,0.18698421736355936,0.40713001631569484,1.3558862527619409,1.7475191908641552,83.73722733931716
1721580032.582048,0.8341666666666667,1,0.3090555,0.48334494,0.29950568,0.28054696,0.29957,0.071546204,0.20302270690163868,0.41190797717962285,1.3764969757178165,0.2858916715007357,-20.27425896301022
1721580032.6538088,0.8675333333333334,1,0.30559126,0.48303524,0.30033678,0.2812317,0.29831484,0.074040815,0.20187193058918718,0.4090591584626789,0.47180107951324485,-12.607088067705316,-179.665821088854
1721580032.725334,0.9009000000000001,1,0.30551657,0.48186916,0.2999385,0.27781883,0.29779541,0.07093497,0.20412656120569148,0.4110067110862291,0.48929930855313664,0.2446446044804775,179.68144372255668
1721580032.796295,0.9342666666666667,0,0.30534482,0.48177385,0.29975057,0.27588505,0.29737338,0.069012895,0.20596479514494842,0.4128379398760952,0.450249003174346,-0.5503065935500316,-11.202649546097721
1721580032.874282,0.9676333333333333,1,0.30498734,0.4816038,0.30012012,0.27288204,0.29718682,0.06842668,0.20877849914658977,0.41325076045045606,0.25441687456962603,-2.5110882581688574,-25.142431172749085
1721580032.947658,1.0010000000000001,1,0.30603898,0.4803327,0.29869983,0.27826947,0.29867494,0.066495135,0.20219647156081963,0.41390306656289405,1.0606824837294615,10.988111168895232,183.97250522719705
1721580033.022503,1.0343666666666667,1,0.3081044,0.480945,0.2985552,0.2751969,0.2989138,0.067684256,0.20596956122526894,0.4133629111768346,1.3832786353883377,4.3101991236276245,-89.22341601771812
1721580033.093594,1.0677333333333334,1,0.31124753,0.47737494,0.29831704,0.2863274,0.29471543,0.06415063,0.19148462981270475,0.4135548817524691,1.580941296524042,2.7804106615918296,-21.518683019775377
1721580033.1655302,1.1011,1,0.3063497,0.47889912,0.29827112,0.27637273,0.29906356,0.06390381,0.20268744965200072,0.415059269581823,1.2784434570069367,-4.20508911606695,-97.10697151494863
1721580033.238292,1.1344666666666667,1,0.30607495,0.4792621,0.29817715,0.2757011,0.2990496,0.061983194,0.20371416033841266,0.41733805139097274,1.2573721171901322,-0.2895935412257566,53.81253584395929
1721580033.314153,1.1678333333333333,1,0.30544782,0.47924787,0.298212,0.27572784,0.2988216,0.06206148,0.20364861818165983,0.4172389986045365,1.126420099428007,-1.726210531980719,-18.937496513940054
1721580033.38896,1.2012,1,0.3056771,0.4765113,0.29805416,0.27497455,0.29958302,0.06343935,0.20168085814087688,0.4131169107900347,1.3208082710442581,2.5985316489284234,57.81205377420518
1721580033.463852,1.2345666666666668,1,0.3085998,0.48008093,0.2988849,0.27531856,0.29995218,0.065349504,0.20499270043125783,0.41482158947768283,1.5218674658484477,2.684653587813547,1.1499477675844585
1721580033.5387352,1.2679333333333334,0,0.3075698,0.47644654,0.29841384,0.2750599,0.29985896,0.06458694,0.20159465901036008,0.41193177670784015,1.5305974197672534,0.11658090581617747,-34.29436652856823
1721580033.614656,1.3013000000000001,0,0.30726236,0.47537842,0.298238,0.27607885,0.30008006,0.06727374,0.19950378212479203,0.40816788426374984,1.584432004081491,0.7090885497120104,7.804284016590098
1721580033.6869261,1.3346666666666667,0,0.30707878,0.47785518,0.29812557,0.27849096,0.29988647,0.06969326,0.19956515305040862,0.40822527216598226,1.5617902104325332,-0.31329383012505907,-14.146674799603263
1721580033.760383,1.3680333333333334,0,0.3052592,0.47423914,0.29771104,0.27965617,0.29861233,0.06679427,0.19472931578285446,0.40749907793565804,1.2869061846968324,-3.7421199892221773,-46.67815408765232
1721580033.8321779,1.4014000000000002,0,0.3049081,0.47415012,0.29803258,0.27899182,0.2994842,0.067609996,0.19527937897232053,0.40657630582527826,1.2533434081878885,-0.4674807815978795,45.610973091672776
1721580033.9043431,1.4347666666666667,0,0.3051695,0.4785971,0.30111256,0.28025287,0.30038697,0.07220961,0.1983857165178456,0.40641564827258725,0.4973844961246253,-10.475386753476716,-138.68040177173904
1721580033.976303,1.4681333333333335,0,0.30528453,0.4800101,0.3016053,0.2800579,0.30028695,0.07056352,0.19998603195608944,0.4094770656454002,0.3547000819005932,-1.9828303083191907,118.01778355504234
1721580034.050029,1.5015,0,0.30595738,0.4802052,0.30156657,0.27939618,0.29980153,0.068146124,0.2008570297482257,0.41210504795751446,0.39686326536299815,0.571890763961656,34.6515909321307
1721580034.12235,1.5348666666666668,0,0.30622488,0.48046815,0.30170017,0.2801039,0.30068865,0.06995253,0.20041534475577433,0.41055293559516903,0.5208975210551852,1.715053191137098,15.806797547774302
1721580034.1942668,1.5682333333333334,0,0.30621374,0.48132026,0.30187863,0.28082293,0.30095473,0.06975811,0.20054419006641416,0.41159574360446494,0.5065950018799145,-0.19887586033369004,-26.613093963685746
1721580034.266336,1.6016000000000001,0,0.3062429,0.48060417,0.30183116,0.2804678,0.30157888,0.07298076,0.20018498344604216,0.40765009232586946,0.6071745482758002,1.3955974386874723,22.124208468895254
1721580034.337504,1.6349666666666667,0,0.30615848,0.48000106,0.3015862,0.2817446,0.30196327,0.07385143,0.19830917961830682,0.4061712918641012,0.7293370918827762,1.7165388452291919,4.509634255355311
1721580034.413086,1.6683333333333334,0,0.30654284,0.48041546,0.30123392,0.28354794,0.3016329,0.07295599,0.19693909546714958,0.4074890491969681,0.854237767164407,1.6525181914251275,-0.8470354127357232
1721580034.488663,1.7017,0,0.30629966,0.47955763,0.30157647,0.2806848,0.30176336,0.07341849,0.19892891397556986,0.40616446828518243,0.7206303077836367,-1.7678317859088453,-45.25648071513185
1721580034.561874,1.7350666666666668,0,0.30634284,0.48020044,0.30160195,0.28082284,0.3017897,0.073200025,0.19943395400986383,0.4070258898076481,0.7211119524843045,0.00657886108526024,24.236955454083493
1721580034.635405,1.7684333333333335,0,0.30589116,0.47993216,0.30150646,0.28166187,0.3021085,0.075592995,0.19831876838103682,0.4043568578122816,0.731087860804077,0.13566914442127714,1.7555863317814775
1721580034.708427,1.8018000000000003,0,0.3055852,0.47946638,0.30103028,0.28305927,0.301741,0.07724855,0.19645991963985654,0.4022362052686469,0.7811780281140875,0.6859609930554358,7.535984869508698
1721580034.781832,1.8351666666666668,0,0.30529293,0.47960603,0.3010456,0.28323722,0.30169266,0.07783453,0.1964147418033863,0.4017876164682586,0.7258330853137022,-0.75396665281106,-19.616199285989897
1721580034.854822,1.8685333333333334,0,0.30559513,0.4798329,0.30086887,0.28280246,0.30141407,0.077674165,0.19708710243453473,0.40218047084828756,0.7786188937476942,0.7231929217746229,20.237851429477264
1721580034.9279191,1.9019000000000001,0,0.30512363,0.47875628,0.30107912,0.2782667,0.30109087,0.07399948,0.20053037162983578,0.4047768739807298,0.5848822350732189,-2.650396756683105,-46.152087082226416
1721580034.999437,1.9352666666666667,0,0.30468652,0.47945812,0.30087882,0.27650434,0.30045614,0.07232649,0.20298950131553622,0.4071536198010301,0.47967354607496243,-1.4710809989737008,16.48978824349125
1721580035.0722408,1.9686333333333335,0,0.30444267,0.47978398,0.30049378,0.2754738,0.3001513,0.07067736,0.20434833723838094,0.4091291191531372,0.5066527842148445,0.3705749144358969,25.29617326455418
1721580035.144976,2.0020000000000002,0,0.30400044,0.47950864,0.3000383,0.27242607,0.29954022,0.069260776,0.20712047001880107,0.4102721073588274,0.47341854370101244,-0.45692181190773307,-11.376860060673977
1721580035.2190049,2.0353666666666665,0,0.30838996,0.4769761,0.29916224,0.27995268,0.29454166,0.051533125,0.19723939641816948,0.42566828754813446,0.8173702295958534,4.646176914510386,68.93380805349572
1721580035.2918642,2.0687333333333333,0,0.30933255,0.48051012,0.30047673,0.28291863,0.2943328,0.05196476,0.19778983778514667,0.42880778257089847,0.561409710358468,-3.5130801968606793,-111.9865073897135
1721580035.365997,2.1021,0,0.30843535,0.48003766,0.3002212,0.2816591,0.29230952,0.04937848,0.198548549281848,0.4309609811474865,0.2269069661768918,-4.51220250447604,-13.477444526591766
1721580035.4377851,2.135466666666667,0,0.3077318,0.48092982,0.299177,0.28322238,0.29164305,0.04912694,0.19789244165406297,0.4321024942584944,0.34365841799257446,1.6263349552353699,85.50915547081347
1721580035.511389,2.1688333333333336,0,0.30706924,0.48076436,0.29782075,0.28731194,0.2923481,0.053713694,0.19367336583498693,0.42730430629373245,0.7625381142227734,5.691001096204966,55.22353953210656
1721580035.584775,2.2022,0,0.3078606,0.4806669,0.29764777,0.28814086,0.29154843,0.054425154,0.19279673000114084,0.42655377316271353,0.844760681036912,1.120412864328187,-62.2815128615176
1721580035.657061,2.2355666666666667,0,0.3091208,0.47766536,0.298057,0.28880093,0.29237646,0.05691327,0.1891882252594146,0.42108515714983097,1.073459594824958,3.163800814330472,28.2680505697628
1721580035.730437,2.2689333333333335,0,0.30929112,0.47648668,0.29785565,0.2893553,0.2919136,0.05662294,0.18748045688948756,0.4202231915615504,1.1267512695313295,0.7262826816511299,-33.21958290351765
1721580035.820222,2.3023000000000002,0,0.30971968,0.4781529,0.29719514,0.29179406,0.2905489,0.05769255,0.18677923119991968,0.42089716031746904,1.2342980889710615,1.197827993582712,5.251946806208115
1721580035.902549,2.3356666666666666,0,0.31002373,0.47901437,0.29821157,0.29143935,0.29119498,0.059772342,0.18794656738773963,0.41966462425945833,1.031828161899211,-2.4593342841753563,-44.42232336702271
1721580035.9757109,2.3690333333333333,0,0.3100193,0.4804846,0.2987035,0.29042968,0.29146296,0.05938214,0.19039149589775103,0.42151111932959134,0.8843103339578375,-2.016321993221125,6.055237105804532
1721580036.0478542,2.4024,0,0.31003243,0.4790581,0.29795557,0.29336601,0.29016557,0.060494117,0.18608437868759778,0.4190351800942781,1.0035399962852927,1.6526778708510643,50.857100197551944
1721580036.123664,2.435766666666667,0,0.30965164,0.47748032,0.29741764,0.2892251,0.29066285,0.058093876,0.1886523228485022,0.41981610922202417,1.1258116034273709,1.6128751259476461,-0.5250348686802376
1721580036.199403,2.4691333333333336,0,0.30566764,0.48108163,0.29427302,0.28394306,0.29357344,0.059639074,0.19746760792864593,0.42161606710663935,1.6643587919391145,7.110552760113578,72.58700390556548
1721580036.272057,2.5025,0,0.3050453,0.4803179,0.2940185,0.28231978,0.29383108,0.05633225,0.1983049179437595,0.4241339099321447,1.6725040035174705,0.11210959595431065,-96.32562983728664
1721580036.344857,2.5358666666666667,0,0.3057249,0.48264802,0.2935431,0.2840859,0.2935436,0.056612458,0.19893544093469812,0.4262096622990631,1.8729184990574534,2.7529493533587663,36.275310739787905
1721580036.4173498,2.5692333333333335,0,0.30520946,0.48232147,0.29345113,0.2828068,0.29350072,0.055138536,0.19986084340459312,0.4273433759655083,1.8029057987083519,-0.9657878263780741,-51.297994217922785
1721580036.492013,2.6026000000000002,0,0.3053756,0.4798783,0.2936494,0.28041798,0.29361996,0.054739274,0.1998047198552584,0.4253015381109328,1.7805677257865027,-0.29918466154171597,8.92813999452611
1721580036.5656252,2.635966666666667,0,0.3052387,0.47766873,0.2933394,0.27814043,0.2939875,0.05502883,0.19988281152932508,0.42278963985568485,1.8880906299629505,1.460666642091037,23.907056026299653
1721580036.6366348,2.6693333333333333,0,0.3049196,0.47846827,0.2937453,0.27900404,0.2943626,0.054241944,0.19977698698077234,0.4243576504636986,1.7810328477618977,-1.5076514730153656,-41.801624194064
1721580036.709728,2.7027,0,0.3051011,0.47590485,0.29361674,0.2770959,0.29441586,0.054918703,0.19914036340647187,0.4211217272395641,1.8522103336442348,0.973791123693158,33.949032403636785
1721580036.789502,2.736066666666667,0,0.3051536,0.47782618,0.29362464,0.28104752,0.29383156,0.058072343,0.19711609829233293,0.4199065170020129,1.8079410696477778,-0.5549341625643932,-19.16322545114464
1721580036.863501,2.7694333333333336,0,0.3046785,0.4760788,0.2937508,0.27947575,0.29377097,0.058101356,0.19690652068872927,0.41811974940289487,1.6864351568124554,-1.641990289903646,-14.690113131288081
1721580036.934989,2.8028000000000004,1,0.30482298,0.47701153,0.2939667,0.27962592,0.29343948,0.0592069,0.19768393287001865,0.4179596772948077,1.5874023097189118,-1.385309151806078,3.590553438968463
1721580037.00706,2.8361666666666667,1,0.30490202,0.47681308,0.29426503,0.28043646,0.2934942,0.05811763,0.19666449353078796,0.4188508303905237,1.5396485445530843,-0.6625926541910068,10.027830072026955
1721580037.08179,2.8695333333333335,0,0.30466262,0.47659773,0.29445666,0.27904505,0.29335147,0.058993902,0.19781613498796896,0.4177569783003656,1.4059841867142044,-1.788632436003845,-15.068125194667926
1721580037.154391,2.9029000000000003,0,0.30519566,0.47642228,0.29485852,0.27998322,0.29320547,0.059915226,0.19671085352665643,0.41667961323675395,1.3633035002975586,-0.5878794978180858,16.539050647248484
1721580037.225777,2.936266666666667,0,0.30548906,0.47803524,0.29541847,0.28014204,0.29318294,0.059601817,0.19814927793211357,0.4186143502038589,1.228425007814444,-1.8894286858192915,-18.232590878950916
1721580037.299056,2.9696333333333333,1,0.30610257,0.47884127,0.2952786,0.28059274,0.2926799,0.05746124,0.19854379870956612,0.42159377210709614,1.300735920917528,0.9867871096026329,39.25012905468061
1721580037.3723662,3.003,1,0.30645484,0.47955564,0.2954985,0.27937937,0.29285324,0.054952655,0.2004758841766997,0.4248207842708571,1.2980317364565335,-0.03688691058584046,-13.963608103070376
1721580037.447671,3.036366666666667,1,0.30647233,0.47864643,0.2951501,0.27731937,0.29272205,0.053951222,0.20164517412606778,0.42491773079546413,1.3643316782933572,0.8804218167615654,12.181286949695059
1721580037.522528,3.0697333333333336,1,0.30602822,0.48044464,0.29534814,0.27944934,0.29339433,0.057875674,0.20127884441197794,0.42275779755672643,1.329139520327825,-0.47012516656994097,-18.041693439803012
1721580037.598439,3.1031,0,0.30598757,0.48060048,0.29503468,0.28085637,0.29335055,0.06080777,0.20004417865881904,0.41998287474469465,1.4144140122119988,1.123347620896619,20.991316690522257
1721580037.6707048,3.1364666666666667,1,0.30565205,0.48118803,0.2951898,0.2807012,0.29420626,0.062311914,0.20075963564375657,0.419032460451947,1.422168712231992,0.10730792732768259,-14.059746130532206
1721580037.7441611,3.1698333333333335,1,0.30615705,0.48198396,0.29590544,0.27698684,0.2946828,0.05829136,0.20525329640231063,0.42384792581982567,1.3115738524992313,-1.5055873863399205,-21.95721252879695
1721580037.8181849,3.2032000000000003,1,0.30551583,0.48229462,0.29624704,0.27707037,0.29498267,0.057494555,0.20543344794782764,0.42493063578093393,1.1654881265027217,-1.9734987499599463,-6.321100058867065
1721580037.890804,3.236566666666667,1,0.3091665,0.48866144,0.29650107,0.28855956,0.29138562,0.059005704,0.20050230959021378,0.4300234950433557,1.2520598687937128,1.1921329701467003,43.59221433012633
1721580037.962464,3.2699333333333334,1,0.30941445,0.49088806,0.29674274,0.29047623,0.29123917,0.059965357,0.20081203240925996,0.4313058112376863,1.2026695735533741,-0.689230622721728,-26.254011934304906
1721580038.038053,3.3033,0,0.3112122,0.48778835,0.29566163,0.29230127,0.29065543,0.06070719,0.1961046146345979,0.42757561309347303,1.792527037680316,7.803488868126685,112.35399403659271
1721580038.1105652,3.336666666666667,0,0.30906957,0.48716363,0.29471165,0.2910316,0.2908455,0.058530096,0.19665687066731516,0.42902077891413287,1.7524062118654276,-0.5532979772297105,-115.24671199463965
1721580038.182455,3.3700333333333337,0,0.3085943,0.48653743,0.29437703,0.2896205,0.29116848,0.05721443,0.19742950846921095,0.4296764905606636,1.8051985856658899,0.7343505896658827,17.911403036283378
1721580038.254532,3.4034,0,0.30438405,0.48569208,0.29669768,0.2813759,0.29302797,0.074330434,0.20446069869108427,0.4115183534273623,0.5735014914476918,-17.088620234881613,-247.2766894618586
1721580038.3265998,3.4367666666666667,0,0.30435458,0.48444393,0.29672286,0.2810987,0.2927259,0.07528918,0.20348840120911682,0.40931996048781316,0.5213462625662709,-0.7236973246731744,227.07696203437575
1721580038.3988621,3.4701333333333335,0,0.30475834,0.48458946,0.29606304,0.28038737,0.29148704,0.07685967,0.2043871330010202,0.40794573284555313,0.5742078026991969,0.7315232083727342,20.138035905627326
1721580038.4736168,3.5035000000000003,0,0.3049249,0.48479444,0.29603603,0.2809442,0.292035,0.07916993,0.2040439466605563,0.4058292639747764,0.6766460513556923,1.3703249180112946,8.54530326188303
1721580038.545393,3.536866666666667,0,0.30494592,0.48425633,0.29590493,0.2782092,0.2929768,0.072136685,0.20624537343584667,0.4122933988978961,0.8488159737933828,2.3987065127174296,14.327622350373593
1721580038.618022,3.5702333333333334,0,0.30705434,0.4868214,0.29487053,0.2828056,0.29539725,0.0647145,0.20437930585379366,0.42226785462303656,1.8356336600111562,13.58710745096955,154.04872437502337
1721580038.692267,3.6036000000000006,0,0.30867258,0.49161512,0.29321593,0.28989235,0.293452,0.0644091,0.2023140732574619,0.4274770646386666,2.341173678645603,6.809080500435237,-91.29273537033284
1721580038.766728,3.636966666666667,0,0.30888242,0.49101597,0.29246885,0.2900327,0.29205954,0.06355735,0.201652360500211,0.42778952287970234,2.414954607525436,0.9908669699672065,-78.13774777689036
1721580038.842062,3.6703333333333337,0,0.30551904,0.485202,0.29422766,0.28000805,0.29331204,0.07264205,0.20550440216342516,0.412740509808101,1.454799880405965,-12.745291741017,-182.3366018283653
1721580038.91649,3.7037,0,0.30559072,0.4835728,0.29500204,0.27949274,0.29316407,0.07355373,0.2043545866289988,0.41020733682494503,1.233970930788305,-2.967011175489148,131.37891460889034
1721580038.989505,3.7370666666666668,1,0.3050814,0.48360497,0.29537767,0.2789472,0.2935411,0.072932966,0.20488768226903237,0.4108341238838803,1.1050802500850212,-1.765263652008041,16.458918600759848
1721580039.062763,3.7704333333333335,1,0.3042263,0.48038974,0.29577288,0.27614236,0.29402345,0.06857754,0.20442224645205487,0.4119385572925282,0.9507571245382442,-2.1065724901985536,-4.659002379885247
1721580039.1372411,3.8038000000000003,1,0.30666098,0.48220772,0.2940746,0.27715853,0.29458767,0.061577637,0.2054351142196773,0.4208033014720325,1.8684324097822846,12.321402887472532,193.72091668736985
1721580039.2100391,3.837166666666667,1,0.30680704,0.48359764,0.29444638,0.2788326,0.29465982,0.060282666,0.20513775889320332,0.4234892079591476,1.8108161590454233,-0.7914536100460169,-180.12656985222242
1721580039.2828941,3.8705333333333334,1,0.3071921,0.4833676,0.2950999,0.27965704,0.2945045,0.05813073,0.20406913360043424,0.4254260857806511,1.6880732376942984,-1.684756414098975,-12.261380227015664
1721580039.355419,3.9039,0,0.30736455,0.48589826,0.29426932,0.27949873,0.294377,0.055715602,0.20681453309803968,0.4303786731843131,1.9010512469919236,2.9366237538555273,63.72138992926234
1721580039.427388,3.937266666666667,0,0.30667982,0.48407435,0.29416546,0.27733558,0.29469395,0.057286475,0.20711718434360082,0.42695615483261634,1.8552919936727401,-0.635818655117156,-49.63860559770676
1721580039.499561,3.9706333333333337,0,0.30691728,0.48339114,0.29403812,0.27580494,0.294369,0.054710124,0.2079853429314113,0.4288646318798641,1.8736265181637692,0.2540353645358072,12.329438397859716
1721580039.572033,4.0040000000000004,0,0.3072536,0.48300722,0.29401252,0.27570462,0.29443198,0.054942004,0.20772504492943006,0.42825718711331184,1.9391437341973237,0.9040366658389555,8.969016768357957
1721580039.647156,4.037366666666667,0,0.3073721,0.4848689,0.2947413,0.27745765,0.2943218,0.055435836,0.2077954941742911,0.429631328152842,1.7441882469977776,-2.5951479733757914,-46.579360526698714
1721580039.7214751,4.070733333333333,0,0.30728656,0.48496765,0.29471654,0.27515167,0.29405978,0.051274247,0.2101921752517928,0.4338950571494798,1.6817185973794717,-0.8405595500811922,23.60884148820318
1721580039.7965791,4.1041,0,0.30729765,0.4839124,0.29518875,0.27465618,0.2936203,0.052676477,0.20960628762313246,0.4314527847310539,1.4951045060618797,-2.484742434881992,-21.89208197369451
1721580039.870804,4.137466666666667,0,0.30690095,0.48381063,0.29488257,0.27489936,0.29407132,0.05294018,0.20925668498679212,0.43106140931328485,1.5870463517915732,1.2386919373235303,50.16418910670981
1721580039.944443,4.170833333333333,0,0.3058067,0.48340565,0.29485762,0.2735313,0.29376322,0.051095728,0.21015977248189321,0.43247764919250764,1.3905165794820444,-2.6688303269948768,-53.06327789357048
1721580040.0160892,4.2042,0,0.3064028,0.4833356,0.29534563,0.27389854,0.29459596,0.051021248,0.2097287491346751,0.4324755631742905,1.457819046929835,0.9393722868300074,50.36138598223053
1721580040.091052,4.237566666666667,0,0.30670843,0.48290667,0.2956274,0.27338207,0.2941913,0.051676497,0.20981741625056083,0.43141181363346004,1.364819788991657,-1.2406045460873063,-29.08076074198412
1721580040.164944,4.270933333333334,0,0.3062289,0.4841351,0.2954051,0.27524763,0.29458216,0.05376304,0.20916769597658635,0.43052962290006463,1.4160499732608147,0.6933127911619448,26.17225852478465
1721580040.2395399,4.3043000000000005,0,0.30595595,0.48273054,0.2960271,0.2761035,0.295004,0.05588883,0.20686545439664258,0.4269821857180175,1.2812892148105595,-1.8065430877560564,-33.5119615708656
1721580040.3148422,4.337666666666667,0,0.306033,0.48128852,0.29784784,0.27540562,0.2949558,0.06100854,0.20604554838907704,0.42042593354784663,0.7669496443670959,-6.830324491339949,-66.71479141776254
1721580040.387829,4.371033333333333,0,0.30588707,0.48061693,0.2973661,0.2748946,0.2944687,0.059734173,0.20589872427217135,0.4210376208105415,0.8176189293929462,0.6942249341325525,103.09460310345318
1721580040.462815,4.4044,0,0.3060934,0.48052257,0.29763854,0.27699345,0.29480165,0.061819203,0.20370465661360823,0.41885560944393946,0.8337585892730407,0.21523569696013456,-6.387717155450063
1721580040.537533,4.437766666666667,0,0.30681682,0.48046687,0.29764104,0.27968293,0.2944744,0.06380365,0.20099349421906054,0.4168459933825321,0.9199786647139606,1.153939842694892,12.56329351055195
1721580040.61119,4.471133333333333,0,0.30637997,0.4815183,0.29716295,0.27861673,0.29464763,0.062888294,0.20311081075184917,0.418794374351277,0.9955540034648883,1.0260437160107823,-1.7363735215111926
1721580040.685882,4.5045,0,0.30611524,0.48003194,0.29707533,0.2756534,0.29451382,0.058954176,0.20457837060860254,0.4212375472937231,0.9545577518616682,-0.5488706371736312,-21.085445881552975
1721580040.760685,4.537866666666667,0,0.30592555,0.4799631,0.29705828,0.27505141,0.29447842,0.060456786,0.20510344845922457,0.4196624621538407,0.9146503631307044,-0.5335007304757249,0.20547213715124685
1721580040.8327339,4.571233333333334,0,0.30569673,0.48017833,0.29791334,0.27433744,0.29474765,0.060500506,0.2059879881296255,0.41982062600899595,0.6712378033467993,-3.378435358466792,-39.486161881968414
1721580040.905806,4.6046000000000005,0,0.30582052,0.47992894,0.2983834,0.27542382,0.29548103,0.061097335,0.20464030143460368,0.4189592203627879,0.6684945474851238,-0.037541719660699475,45.720449979343165
1721580040.979698,4.637966666666667,0,0.30581114,0.48066652,0.29811502,0.2748034,0.2958035,0.058274016,0.20600692637906612,0.4225110253828542,0.7839735764372904,1.5628108511742775,21.658030779264106
1721580041.054593,4.671333333333333,0,0.3057863,0.48168802,0.29782522,0.27360559,0.29589468,0.056782488,0.20823467488871705,0.42502065952925994,0.8577220371453116,0.9846894905708607,-7.719076745405142
1721580041.126403,4.7047,0,0.30611485,0.486425,0.29657212,0.27671495,0.29526967,0.060569108,0.20992706751797435,0.4259939784680875,1.1465757483540475,4.022471559224969,42.303046490735845
1721580041.198411,4.738066666666667,0,0.30631465,0.4867612,0.29616094,0.27673805,0.29518002,0.05770751,0.21026846547952063,0.42919815028233294,1.2814458568996248,1.872990585992288,-29.850629402243293
1721580041.271272,4.771433333333333,0,0.3068415,0.48839948,0.2966698,0.27884057,0.2952641,0.055435553,0.20980561819165663,0.43311866909872426,1.2470917332638172,-0.4715025087684998,-32.17763281313723
1721580041.346909,4.8048,0,0.30670142,0.4880124,0.29684466,0.27528018,0.29542813,0.054276254,0.2129604553910493,0.4338826236243541,1.1639056459189463,-1.099805320477679,-8.306807030412006
1721580041.419391,4.838166666666667,0,0.3065227,0.48783213,0.29728884,0.27593806,0.2952914,0.054617193,0.2120951650855948,0.4333604966641023,1.0102024983068532,-2.120573685958708,-14.083085277870016
1721580041.495402,4.871533333333334,0,0.30670762,0.48762268,0.29698345,0.2747013,0.2959014,0.050833628,0.21314331790403493,0.43692268933707823,1.1976790040226157,2.4664332740395523,60.34647675556451
1721580041.568832,4.9049000000000005,0,0.3065484,0.486393,0.2975307,0.27471563,0.2956836,0.0568022,0.21186936657341757,0.4297281902206725,0.990616236468641,-2.81987289789084,-71.99126950862319
1721580041.656954,4.938266666666667,0,0.30674243,0.48585603,0.29798034,0.27848014,0.29630095,0.061972037,0.2075609104184035,0.42401255692477946,1.008514177398406,0.20310381788820475,34.304399303318654
1721580041.733186,4.971633333333334,0,0.30655786,0.47945526,0.29992217,0.2737796,0.2991063,0.06094589,0.20578267715506382,0.4185756964636859,0.8276689695471706,-2.3723018035631087,-33.78380590378348
1721580041.80959,5.005,0,0.30677468,0.47951707,0.29930556,0.2744053,0.29869935,0.061933346,0.2052477202267836,0.4176618077259544,0.977813988830395,1.9651436206467705,56.76980326074603
1721580041.8878112,5.038366666666667,0,0.30770695,0.48678368,0.29803604,0.2797185,0.29790634,0.060811553,0.20729091026569071,0.4260848634388045,1.3560590151370844,4.835589246679201,36.69657242542383
1721580041.964288,5.071733333333333,0,0.3080123,0.48746648,0.29757223,0.27930108,0.29859954,0.058542516,0.20842704250049518,0.4290272339574458,1.6139031242676265,3.371533163644232,-19.14379061841743
1721580042.038989,5.1051,0,0.3084268,0.48722848,0.29767945,0.27650052,0.2979536,0.059397254,0.2110018446828441,0.42795940378559166,1.517358045191331,-1.2924189447496708,-62.43487622533259
1721580042.110709,5.138466666666667,0,0.3084062,0.48555756,0.29770294,0.2775059,0.29815704,0.062739775,0.20832678579047387,0.42294196912451315,1.5564052144490022,0.5444399322045999,25.611570350696624
1721580042.183021,5.171833333333334,0,0.30670744,0.48119977,0.30017248,0.27572143,0.2998892,0.061893634,0.20558223201631162,0.4193615603825637,0.8901066100319697,-9.214204140800916,-134.95171388624206
1721580042.2565708,5.2052000000000005,0,0.30540267,0.48560417,0.2994961,0.2805745,0.29730844,0.0675538,0.20511472758260005,0.4181287009003192,0.540830626059653,-4.748840016464143,60.71216119861981
1721580042.329119,5.238566666666667,0,0.30584136,0.48464507,0.3000562,0.27824223,0.29686907,0.06814787,0.20648389716679136,0.41659383114853926,0.3709177479974455,-2.3420704136785404,33.17478900664193
1721580042.404453,5.271933333333334,0,0.30679756,0.48133177,0.300839,0.26965502,0.2981649,0.055950016,0.21176059467499894,0.4254693360728293,0.4497109186195841,1.0459167865492687,44.97284037884225
1721580042.476396,5.3053,0,0.30933934,0.48671815,0.29924703,0.26953688,0.2960928,0.053465176,0.21741563169334593,0.43345541691828704,0.9094689222381557,6.390583075480741,74.29024326126651
1721580042.5493948,5.338666666666667,0,0.30828112,0.4812613,0.3007764,0.26123536,0.29669335,0.040784348,0.22015390658558504,0.44062934919954516,0.4465924674547249,-6.340880876232409,-174.40657320889503
1721580042.623512,5.372033333333333,0,0.3067297,0.48716184,0.29976678,0.26959246,0.29127127,0.048625246,0.21768077056873852,0.43880895506403306,0.18497851598977594,-3.529734110995726,37.92840776536584
1721580042.6973472,5.4054,0,0.30944914,0.4867687,0.297073,0.26205775,0.29426068,0.03598189,0.2250514957317264,0.4510426005480094,1.2228526716073138,14.056643392855566,238.1844039624314
1721580042.771633,5.438766666666667,0,0.30963802,0.48480454,0.29651245,0.26369515,0.29377273,0.035940945,0.2214986298206605,0.44914389140621797,1.3728839757949196,2.0196513198319894,-162.036363402469
1721580042.847787,5.472133333333334,0,0.30669123,0.488922,0.29637524,0.27005947,0.29097787,0.04978943,0.21910551826993252,0.43941361484511143,0.6491675985150805,-9.503327967522731,-151.3115562512141
1721580042.9211378,5.5055000000000005,0,0.3066288,0.4889383,0.29716122,0.2687422,0.29164904,0.047668923,0.22039953841329993,0.4415235531473218,0.5177015879609196,-1.792288835359491,105.1253421879918
1721580042.99562,5.538866666666667,0,0.30652583,0.487536,0.29635406,0.27027765,0.2910713,0.05415783,0.21749634856200153,0.43365366125037563,0.6382636153789234,1.6186689346303087,45.79560826789702
1721580043.0675552,5.572233333333335,0,0.30625546,0.48691255,0.2963629,0.27133277,0.29092187,0.053957663,0.21580663398102787,0.433226320901173,0.5992648352707363,-0.5421378220818438,-30.038249036864915
1721580043.1402218,5.605600000000001,0,0.30598953,0.48901036,0.29602754,0.27722195,0.29051977,0.0565043,0.2120225799479355,0.4327826253043882,0.6448254509523096,0.6269811362585084,16.088797790721266
1721580043.210921,5.638966666666667,0,0.30599883,0.4879765,0.29681572,0.27544615,0.29107493,0.054929968,0.21272864620481838,0.4333036015026734,0.5005861442516463,-2.0401825795754247,-37.72550682881939
1721580043.2871082,5.6723333333333334,0,0.30749702,0.48411772,0.29711527,0.26519126,0.2938323,0.04395801,0.21917247910051882,0.44037176727882305,0.9367649017622024,5.72509734672778,101.92377032850126
1721580043.3620028,5.7057,0,0.3071036,0.48422623,0.29719746,0.26316485,0.2937578,0.03930571,0.2212832231069375,0.44512062505794336,0.8477525635279113,-1.188500359103177,-92.31094833670541
1721580043.4353778,5.739066666666667,0,0.30553105,0.48708093,0.29694837,0.2700281,0.29054078,0.04800593,0.2172224388445412,0.4393308067891738,0.30925309634971193,-7.339005998834763,-83.82292005299229
1721580043.5078201,5.772433333333334,0,0.30594996,0.4881967,0.29725936,0.2669844,0.29030955,0.044890106,0.2213829421981884,0.4435824157964857,0.22978339331664596,-1.0970070045924756,86.16512152428508
1721580043.579926,5.8058000000000005,0,0.30589223,0.48824283,0.2976056,0.26614884,0.2904211,0.043577638,0.222248538171839,0.444934253844406,0.14512213914560723,-1.1741240634803112,-1.0694974393139807
1721580043.655113,5.839166666666667,0,0.30556986,0.48516655,0.29731804,0.26649252,0.28944427,0.046926774,0.21882967248825702,0.43853636347143743,0.0516596534034816,-1.2430676274766073,-0.9169616220471424
1721580043.731263,5.872533333333334,0,0.30535522,0.48580158,0.2974789,0.26814228,0.2889487,0.051140532,0.21780175558619252,0.43497055661095413,0.08797460338674892,0.47688743745888507,22.586426907911164
1721580043.8033369,5.9059,0,0.30591127,0.48593217,0.29776,0.26701313,0.28991538,0.047369894,0.21907073886209388,0.43885388986718127,0.04238835841611416,-0.6324927873811224,-15.392252446468216
1721580043.87412,5.939266666666667,0,0.30667782,0.4843176,0.2972582,0.26035738,0.2924671,0.04024938,0.22415822480691433,0.44429554550925154,0.5754517406855117,7.530937385077313,115.33015307580386
1721580043.950099,5.9726333333333335,0,0.30602005,0.48863092,0.296476,0.2679187,0.28831735,0.045586903,0.2209184702810555,0.4433975389248717,0.1870885658214747,-5.111454528804628,-166.39325143471228
1721580044.027642,6.006,0,0.30589095,0.48753104,0.29660866,0.26890472,0.28857666,0.04644322,0.21882328230807443,0.44142750540133585,0.18261034408141943,-0.05775144849541656,65.17289453156985
1721580044.1019258,6.039366666666667,0,0.30600157,0.48777923,0.2970735,0.26840127,0.2888903,0.046575017,0.21955956293484638,0.4415359095386702,0.1079549675587043,-1.005001602761283,-12.751766417833418
1721580044.176259,6.072733333333334,0,0.30595508,0.4878767,0.2968636,0.26888177,0.28860268,0.04644472,0.2191835791513244,0.44177292332820844,0.12537218874039854,0.23431284149923304,16.67242356954884
1721580044.2498372,6.1061000000000005,0,0.30582052,0.4871855,0.29709113,0.26790178,0.28926057,0.043226328,0.2194574139671539,0.4442679176561555,0.1435214940054593,0.24666715381102103,0.1679074218398738
1721580044.32144,6.139466666666667,0,0.3057106,0.48765647,0.2966671,0.26813492,0.28893703,0.04253311,0.21970775383111457,0.4454393017337496,0.20126754346996717,0.8064772920352127,7.818269275829704
1721580044.393452,6.172833333333334,0,0.3053394,0.48691005,0.2963029,0.26946968,0.28897065,0.04494188,0.21762805675265637,0.44227118561864603,0.25838073263070954,0.7931071306769248,-0.18566587626046915
1721580044.465695,6.2062,0,0.30562127,0.48742634,0.29607135,0.2708116,0.28830084,0.04623623,0.21682516485010547,0.44152997885050677,0.27569282090746383,0.2396369781344568,-7.661231431044898
1721580044.53723,6.239566666666667,0,0.3066614,0.4835213,0.29625043,0.26337475,0.29201633,0.03648046,0.2203926019182768,0.4472806779870332,0.8312086731057936,7.765639117913823,105.20710864846406
1721580044.60958,6.2729333333333335,0,0.30634168,0.48741955,0.29607767,0.27028322,0.28914818,0.043311562,0.21737877736309247,0.44444067523136915,0.489481794460376,-4.723244778552517,-172.6175473458744
1721580044.682123,6.3063,0,0.306363,0.48729536,0.29657552,0.27152672,0.28988656,0.04534425,0.21599050566765143,0.44225811898343015,0.4623826204136322,-0.37356063622066676,59.960158666299826
1721580044.757181,6.339666666666667,0,0.3062024,0.48643696,0.29590154,0.27023363,0.2897599,0.04571054,0.21644858226590155,0.44103303897737156,0.5908745932738027,1.7119028122309676,27.78469862934058
1721580044.8325372,6.373033333333334,0,0.30629158,0.48591283,0.2961012,0.27129284,0.29054123,0.048432667,0.21486178228940697,0.43776358524961595,0.6566976873179017,0.8734922236156913,-11.125960272573245
1721580044.9054499,6.4064000000000005,0,0.30678585,0.48563665,0.29658505,0.262372,0.29141992,0.039668187,0.22349757641878815,0.44623308860130145,0.6427647581844789,-0.19109058458309136,-14.600788477981633
1721580044.978028,6.439766666666667,0,0.30715007,0.4852133,0.29668698,0.26242077,0.2913807,0.03878971,0.22303809166273644,0.44670201999115455,0.6660172172419826,0.3203780432459771,7.047139305152417
1721580045.053354,6.473133333333334,0,0.30689353,0.48555747,0.29626375,0.26823267,0.2908287,0.045957737,0.21758459935562632,0.43989316277760504,0.7072164454406002,0.5469458999505439,3.007832080924832
1721580045.127389,6.5065,0,0.3074115,0.4867291,0.29549357,0.2724595,0.2898737,0.05120826,0.2146007666423503,0.4358737958821547,0.8777006977576733,2.3027543078029433,23.715946311211496
1721580045.2008839,6.539866666666667,0,0.3081398,0.48534492,0.29585427,0.26751068,0.2914452,0.046252485,0.21818040211538092,0.4394096832441799,1.0507178746536838,2.354138185699229,0.6991487854275719
1721580045.272629,6.5732333333333335,0,0.30842304,0.48523942,0.29584378,0.26990554,0.29179788,0.04851125,0.2157009904509443,0.4370445044528272,1.1631960564354953,1.5677459790449284,-10.960909932968987
1721580045.3454568,6.6066,0,0.3082289,0.48633966,0.29679844,0.2680913,0.29326507,0.043666817,0.21854749032312076,0.44292569055055764,1.0620748067240748,-1.3884976270358003,-40.59223203527386
1721580045.419511,6.639966666666667,0,0.3116818,0.48563045,0.296536,0.26178136,0.29703015,0.03145059,0.22436089162663883,0.45441611996227005,2.0231143542569043,12.977508542575277,193.9930237703857
1721580045.491215,6.673333333333334,0,0.30955148,0.48358935,0.29817954,0.2667483,0.29739398,0.03625003,0.21713903044280802,0.44750449999464664,1.4453853297244263,-8.057148039264336,-293.35438386900734
1721580045.565415,6.7067000000000005,0,0.3099587,0.4798879,0.2984752,0.26700422,0.2976431,0.0359153,0.21319318050652517,0.444143369373034,1.4987117183232428,0.718685306411829,118.2728221951337
1721580045.637737,6.740066666666667,0,0.3104067,0.480015,0.2996794,0.26641828,0.29817966,0.03244272,0.21386593694824285,0.4477392729440838,1.3103287722805,-2.6047759588016803,-45.95358648692423
1721580045.712393,6.773433333333334,0,0.31121916,0.48182434,0.29944617,0.2674961,0.2974719,0.03440326,0.21465132943528797,0.44763221971735,1.3840396514180129,0.987340194839163,48.115565904513794
1721580045.7876859,6.8068,1,0.30672947,0.48540565,0.3003385,0.26904234,0.29298887,0.031963836,0.21645767859700862,0.4536499706699793,0.04808930986444283,-17.74339492712026,-248.77184443676524
1721580045.859562,6.840166666666667,0,0.3089605,0.479033,0.30140764,0.2554748,0.29402137,0.021603733,0.22368573695786198,0.4576731426510949,0.0646857126161963,0.23090310295316477,250.07354006942344
1721580045.9307039,6.8735333333333335,0,0.31056228,0.47571737,0.30217928,0.2561285,0.2987559,0.0227467,0.2197488319636504,0.45312449009499856,0.6932763303985408,8.83572273469025,120.95280823038692
1721580046.003534,6.9069,0,0.31061348,0.4760364,0.3027912,0.25712255,0.29965928,0.02290925,0.2190535621663801,0.45325953355173954,0.6615435246851232,-0.4357094396049719,-127.30202785975523
1721580046.0761752,6.940266666666667,0,0.31031853,0.47722584,0.30239958,0.26203513,0.29965284,0.028682878,0.2153363669113896,0.4486697416879109,0.7452741802658952,1.1526617312812968,21.86600177738853
1721580046.150851,6.973633333333334,0,0.30789995,0.47576421,0.30179143,0.2686445,0.2999628,0.040159397,0.20720976216919262,0.4356771163099061,0.6457961175754154,-1.3321325623614921,-33.274425534710005
1721580046.240582,7.007000000000001,0,0.30777568,0.47694606,0.30223054,0.2741329,0.29945856,0.049609397,0.2028889395060426,0.42741759196125273,0.4509308735884621,-2.171660760910339,-9.356057597363746
1721580046.3179982,7.040366666666667,0,0.30621615,0.48371583,0.3018511,0.2807857,0.29773504,0.06015481,0.20297706369083568,0.4236459382879037,0.0835531187864295,-4.745490508295739,-33.24666362221194
1721580046.3910809,7.073733333333334,0,0.3060239,0.4827557,0.30150542,0.27669337,0.296724,0.056350995,0.2061118509387536,0.4265060883744565,0.017839441606655067,-0.8991688900954116,52.629724721167214
1721580046.4637032,7.1071,0,0.30622226,0.4813403,0.301561,0.28189963,0.29713482,0.063942514,0.19949512140433756,0.4174966799606704,0.09406153080367374,1.0495686592495477,26.83387294211346
1721580046.535553,7.140466666666667,0,0.3060555,0.4815001,0.30193657,0.2816054,0.29701754,0.06481499,0.19993712805594746,0.4167831097753414,0.06580236169723284,-0.39330882008170126,-20.081851549870503
1721580046.608154,7.1738333333333335,0,0.3063634,0.4805344,0.30217177,0.28206617,0.2973117,0.061394628,0.1985124967392832,0.41923750128139325,0.029750757650109743,-0.4965711815378249,-1.4223254191305579
1721580046.679414,7.207200000000001,0,0.30677372,0.48348126,0.30352348,0.2816789,0.2966799,0.05880843,0.20182854552698148,0.4247927820922686,0.43877999496095565,5.739957596440885,87.51797541400806
1721580046.7526882,7.240566666666667,0,0.3122993,0.485909,0.30546927,0.28198203,0.2989139,0.05421221,0.20404129635812576,0.43190424029961455,0.14118431269747467,-4.061401473642511,-133.76287541595485
1721580046.828001,7.273933333333334,0,0.3063999,0.48148423,0.30413538,0.28245184,0.2972942,0.059749562,0.1990452782215614,0.4218329505481873,0.5848605212563941,5.891108777762509,132.1488945581749
1721580046.9007502,7.307300000000001,0,0.3060169,0.4812334,0.30439764,0.28355244,0.29695192,0.062485896,0.1976875818741933,0.418845591660929,0.7708121515807843,2.556066446246579,-45.84304953674668
1721580046.972664,7.340666666666667,0,0.3058118,0.48211792,0.3049707,0.28726745,0.29877448,0.06425732,0.19485228987051645,0.4179198518775984,0.7179021386048372,-0.7357405258283085,-45.774243027698226
1721580047.044783,7.374033333333334,0,0.3055736,0.48237568,0.30513304,0.2891788,0.29818898,0.066981696,0.19319739507477032,0.4154596129433821,0.8876762511835555,2.3540830889234603,42.843407683082035
1721580047.116331,7.4074,0,0.30544072,0.4814227,0.30464482,0.28602007,0.29840517,0.061931092,0.19540424312103227,0.41955058373498344,0.727500903167422,-2.2387122131247574,-64.19181891861233
1721580047.190976,7.440766666666667,0,0.30508688,0.48043653,0.30575138,0.28570825,0.2975537,0.06268779,0.19472941886466,0.4178166661304143,1.2287164388015759,6.7146741470232305,119.9465452417223
1721580047.263493,7.4741333333333335,0,0.30489618,0.4776385,0.30644482,0.27766848,0.2971814,0.061704658,0.1999760333292046,0.41600538847252355,1.5064970299451652,3.83054995760744,-39.771611637871665
1721580047.3351119,7.5075,0,0.3048745,0.4771013,0.3063803,0.278044,0.29627463,0.062772244,0.1990630061078977,0.4144182925476532,1.6223899009393736,1.6181907326867062,-30.890762860811186
1721580047.4196868,7.540866666666667,0,0.30523086,0.4783991,0.3067606,0.27498224,0.29679647,0.057526175,0.20342260615371752,0.42095743168462607,1.5789725377599164,-0.5133596819383878,-25.20309762628143
1721580047.4979289,7.574233333333334,0,0.30480427,0.47778895,0.30732006,0.27590808,0.29766497,0.060818534,0.20189654725603418,0.4170315462136023,1.6950197384980357,1.4831817505041474,25.51749458745427
1721580047.572503,7.607600000000001,0,0.3049922,0.4774089,0.30731785,0.27489892,0.29827297,0.061607085,0.2025233231076742,0.41585608017140313,1.5836447374638647,-1.4934783489647185,-39.91539725705564
1721580047.647456,7.640966666666667,0,0.30496174,0.4774487,0.3062834,0.28037825,0.29865903,0.067414284,0.19707488151063887,0.41008285533504246,1.2648888667745273,-4.2527523608931075,-36.813468072611656
1721580047.718991,7.674333333333334,0,0.30468726,0.4775055,0.30724725,0.2786344,0.29897156,0.06456607,0.19888758209808832,0.41297898428413693,1.5304978044552946,3.712987034229413,111.35426145820547
1721580047.791896,7.7077,0,0.30457807,0.47824124,0.30719492,0.27813274,0.29820937,0.06563299,0.200125608113914,0.412657384247503,1.6334721655176294,1.4124445674464992,-31.555318002123844
1721580047.865776,7.741066666666667,0,0.3049541,0.47895992,0.3076354,0.27897322,0.29871854,0.064332485,0.20000466985628593,0.41467431844667985,1.6297429655417972,-0.050476477209948974,-19.801325015850647
1721580047.93919,7.7744333333333335,0,0.3046885,0.4768158,0.3073346,0.2772306,0.29921573,0.06408124,0.19960273942730777,0.41277085051321116,1.5192876970934108,-1.5045562947328552,-19.80661468873602
1721580048.013624,7.8078,0,0.30505398,0.47647706,0.3075481,0.27765936,0.29930797,0.06422803,0.19883334368078526,0.41228907121810293,1.5172945754227216,-0.026777017850340482,19.853540633203306
1721580048.089233,7.841166666666667,0,0.3051309,0.47719404,0.3077709,0.27963117,0.29967186,0.06386899,0.19758051163708362,0.41336109042818975,1.5221560991462468,0.06429824139753701,1.2045562949998252
1721580048.162951,7.874533333333334,0,0.30523705,0.47605523,0.30803102,0.279372,0.30061883,0.06442632,0.19670307175638177,0.4116548080037522,1.4565888056049083,-0.8894331154659512,-12.937551730998965
1721580048.2382479,7.907900000000001,0,0.30513233,0.47601768,0.30819088,0.27980796,0.30099183,0.06557996,0.19623356590652336,0.4104586170687758,1.4711969402659386,0.1940071738827361,14.388913676156381
1721580048.310514,7.941266666666667,0,0.3052999,0.47500882,0.30838296,0.28047895,0.3016649,0.066433884,0.19455429088540646,0.4085911085154229,1.4175867095455863,-0.7418447841721926,-12.950082186026076
1721580048.382476,7.974633333333334,0,0.30529955,0.47653607,0.3089149,0.28133625,0.30149722,0.06653013,0.19523329499002942,0.4100235578032909,1.5924806634627902,2.4303613959160715,44.081612127213326
1721580048.457641,8.008000000000001,0,0.305276,0.47667995,0.30902463,0.28081238,0.30206388,0.067408755,0.1959034366395487,0.40928378545374433,1.5461000801124072,-0.617051950964413,-40.54309401160362
1721580048.530277,8.041366666666667,0,0.30569267,0.47686997,0.30912483,0.28154087,0.30218735,0.06883561,0.19535925099879758,0.40804941082404467,1.4988775635809397,-0.6501243688923323,-0.45531637050313295
1721580048.60505,8.074733333333334,0,0.3054708,0.47563028,0.30934334,0.28198555,0.30300218,0.068679765,0.19368345029148407,0.4069580207960814,1.4931207705699352,-0.0769901886456209,7.664980931587816
1721580048.6809611,8.1081,0,0.30518815,0.47562808,0.30950862,0.28120205,0.30285925,0.06848134,0.1944740280683211,0.40715341255322346,1.6007300827615716,1.4175712122798458,19.688325980223524
1721580048.7544682,8.141466666666666,0,0.3051238,0.47405404,0.3093297,0.2774503,0.30286828,0.06594858,0.19664872764239164,0.4081116957041005,1.5420916724220863,-0.7977247618169456,-30.137182148343943
1721580048.82646,8.174833333333334,0,0.30518278,0.47420081,0.30946663,0.27529484,0.30251127,0.06448472,0.1989520999480944,0.409724809055555,1.6073835060469328,0.9069357981819413,23.67857662713176
1721580048.899006,8.2082,0,0.3045823,0.47288352,0.30941546,0.27431953,0.3020312,0.0636153,0.19862280523723935,0.4092761810879913,1.7514987138579847,1.986535403518885,14.881585852054569
1721580048.9717708,8.241566666666667,0,0.30440527,0.4724886,0.3094781,0.27141023,0.30199462,0.06014614,0.20114236397615196,0.4123495055151905,1.7801300512000482,0.3934774564026179,-21.89322774009511
1721580049.046218,8.274933333333333,0,0.3041333,0.47438893,0.31040826,0.27398828,0.30179328,0.063766,0.20049886770145645,0.4106295920499429,2.120031693723386,4.565676721009836,56.042427204580605
1721580049.118057,8.308300000000001,0,0.30444437,0.47486177,0.31053263,0.27600488,0.3030637,0.06386582,0.19895006823808595,0.41099827933063326,1.946153352166232,-2.420386052823579,-97.24597526356334
1721580049.1934998,8.341666666666667,0,0.304951,0.476539,0.3113554,0.2775877,0.30435675,0.06621063,0.19905432883070165,0.4103287887290516,1.926793077084052,-0.25662193603099503,28.68085987459976
1721580049.265111,8.375033333333334,0,0.30539066,0.47753447,0.31084064,0.27989462,0.3049969,0.067340165,0.19771498093795148,0.41019449654646245,1.6345199485761641,-4.08139044274734,-53.410225253095106
1721580049.340137,8.4084,0,0.30573833,0.4780984,0.31081378,0.28178486,0.30705646,0.067488894,0.1963791291933587,0.41061159942024006,1.2970625134057516,-4.497871089433148,-5.551148277679915
1721580049.411393,8.441766666666666,0,0.30576846,0.4793402,0.31118292,0.2832394,0.3082474,0.06816326,0.19617553511591726,0.41118439242013205,1.2363617918759846,-0.8518691437224601,51.167704060649044
1721580049.4866939,8.475133333333334,0,0.3055747,0.4777448,0.31170657,0.2778441,0.30787563,0.06340682,0.19999471143757838,0.4143443517571648,1.438746591452944,2.68767987843285,47.00538135995728
1721580049.560522,8.5085,0,0.30556417,0.47617543,0.31201681,0.27769667,0.30767724,0.06524296,0.19858362017069753,0.4109379141187405,1.5673711837990565,1.7422144500567363,-12.806287672527912
1721580049.636729,8.541866666666667,0,0.30551893,0.4731365,0.31240907,0.27378985,0.3077795,0.061146207,0.1994657003512202,0.41199651646868096,1.6650198155668106,1.2813616994947923,-6.047386972931512
1721580049.708192,8.575233333333333,0,0.30680877,0.47734392,0.31518006,0.26757684,0.30835032,0.061438475,0.209934045917811,0.4159083026935721,2.07299591634358,5.70890508174608,61.95565099637051
1721580049.783446,8.608600000000001,0,0.3071559,0.4802203,0.3150205,0.2695472,0.30803958,0.06125834,0.2108198384770677,0.4189628741056382,2.0169833991058357,-0.744313185042166,-85.75253673278569
1721580049.8589818,8.641966666666667,0,0.30660686,0.4801938,0.3129131,0.2774448,0.30547136,0.06381722,0.20284703375363555,0.41637813903141097,1.9378150411525517,-1.0480909047310492,-4.021640378770157
1721580049.931438,8.675333333333334,0,0.30762753,0.47823176,0.31357056,0.2788177,0.30528635,0.0655688,0.19950258343727348,0.41266959425371574,2.0319898599530224,1.2997496543110454,32.40361907632532
1721580050.004599,8.7087,0,0.3086342,0.4788442,0.31341714,0.27905345,0.3047149,0.06725781,0.19984798907861928,0.41160506407327946,1.9169224991855782,-1.572793754599277,-39.26324809413479
1721580050.079424,8.742066666666666,0,0.30801302,0.47920802,0.31229377,0.2802024,0.30284435,0.06914673,0.1990516691408701,0.4100938731679183,1.95444932554655,0.5015291899423574,27.722395068738503
1721580050.154159,8.775433333333334,0,0.30791217,0.4792382,0.31125897,0.27929005,0.30119008,0.06727229,0.19997616982778949,0.412020745529355,1.8938816797978104,-0.810430351476484,-17.55478224604964
1721580050.225558,8.8088,0,0.30821508,0.48060036,0.30972633,0.28415725,0.30009556,0.07293977,0.19644892366108657,0.40774145524734284,1.5817760570213781,-4.371290056846221,-49.87270170091432
1721580050.298326,8.842166666666667,0,0.30777302,0.47772235,0.3080368,0.28209317,0.29923677,0.07274755,0.19562935731426104,0.4050647439800017,1.2847663660593853,-4.081599073561079,3.9810231281205657
1721580050.372624,8.875533333333333,0,0.30792224,0.47724745,0.30695176,0.2789014,0.29742396,0.06934783,0.19834842280587828,0.40803469519153057,1.1939791739323145,-1.2219347526131858,38.48916496594988
1721580050.445417,8.908900000000001,0,0.307741,0.47746846,0.30562636,0.2817072,0.29745203,0.073613465,0.19577268417777768,0.40398603977931447,0.8407371971600772,-4.8526911008388085,-49.8778179800211
1721580050.521021,8.942266666666667,0,0.30886877,0.4769783,0.3054929,0.28179863,0.29862505,0.08174637,0.19520886355014813,0.3953646596036454,0.49390384736549514,-4.587502306411152,3.5076044641952424
1721580050.593267,8.975633333333334,0,0.307041,0.48030564,0.30541366,0.2829733,0.29689908,0.064842,0.197339062259851,0.41558739534471345,0.9258973426446876,5.979473586813822,146.26366817213628
1721580050.666209,9.009,0,0.30680332,0.4806877,0.30519533,0.28206667,0.29743406,0.0645379,0.19862754342717284,0.4162552520356499,0.8260497763583671,-1.368862122647763,-100.74214917104136
1721580050.738892,9.042366666666666,0,0.31227157,0.4824022,0.30781788,0.28282616,0.30195883,0.0587041,0.19962573755723367,0.4238235839615683,0.11511358206509006,-9.781314144327858,-115.7415202779712
1721580050.813598,9.075733333333334,0,0.30722073,0.48348314,0.3039763,0.2766376,0.2933793,0.060477447,0.20687096525637416,0.42323209619043545,0.9757318778140726,11.52009408446807,285.1371254126415
1721580050.8886862,9.1091,0,0.30838388,0.48430935,0.30161446,0.27540943,0.29233286,0.05496144,0.20900956822115477,0.4296478287972851,0.284941746261327,-9.199708556571212,-275.93930043379794
1721580050.959638,9.142466666666667,0,0.30789664,0.48344615,0.30114847,0.27785194,0.2929217,0.05603943,0.20570492878473765,0.4276689847863779,0.12729164453168904,-2.221928037141298,98.3451707486272
1721580051.03324,9.175833333333333,0,0.30741334,0.48056233,0.3011859,0.2737654,0.29236457,0.054286405,0.20689068861713825,0.4265414588175454,0.2969401828171591,2.3049458963778195,61.504800465341056
1721580051.108626,9.209200000000001,0,0.3071395,0.47801778,0.30198932,0.26899296,0.2944495,0.041195232,0.20908825471580197,0.4370068207773929,0.25196123078185645,-0.5966501210897152,-38.48995000631944
1721580051.181189,9.242566666666667,0,0.30624533,0.47800565,0.3024574,0.26967156,0.29423898,0.045082156,0.20836852163490505,0.43308995075777973,0.5471085643076633,4.067453611596526,64.27645930508369
1721580051.253432,9.275933333333334,0,0.3053463,0.4780988,0.302956,0.26437303,0.2942159,0.038083818,0.21373914151625784,0.4401557407649213,0.8081026160537045,3.612725678823492,-6.294424216249906
1721580051.325312,9.3093,0,0.31353375,0.47875562,0.30784595,0.26389852,0.30351067,0.034603562,0.2149323734170619,0.4442651372405872,0.22277513356311762,-8.143135671706807,-163.54874284701324
1721580051.3991601,9.342666666666666,0,0.31539935,0.47722435,0.30854008,0.2466114,0.0,0.0,0.23071493591680658,0.5720313185417326,31.757181734929997,427.0163159847212,5892.617174036335
1721580051.470901,9.376033333333334,1,0.30584088,0.47123796,0.30183622,0.24851568,0.3006494,0.016289309,0.22275827700011377,0.454978283028088,0.37649250868961004,-437.41720868312035,-12049.3879763526
1721580051.5445042,9.4094,0,0.3056794,0.47210163,0.30378157,0.24593018,0.30077803,0.017357932,0.2261794112369581,0.4547700969231192,0.13829146090152927,-3.236288628120974,5898.944556159954
1721580051.617206,9.442766666666667,1,0.30418915,0.47640982,0.30655986,0.25528714,0.304892,0.016085984,0.22113539026347456,0.4603243769683037,0.5265059798148052,5.339810285294617,117.96246393296474
1721580051.690572,9.476133333333333,0,0.462502,0.5659189,0.43223518,0.36704704,0.41307402,0.10263899,0.201161888631039,0.4659092421185442,2.5637178467134705,27.767820258679315,305.7006292864832
